﻿<?xml version="1.0" encoding="utf-8"?><ITEMS><ITEM ID="9276" PARENTID="1426054" CHILDID="1426067" CHANGEID="3888132" /><ITEM ID="9304" PARENTID="1428692" CHILDID="1428709" CHANGEID="3894544" /><ITEM ID="9308" PARENTID="1428986" CHILDID="1428709" CHANGEID="3895248" /><ITEM ID="9313" PARENTID="1429320" CHILDID="1428709" CHANGEID="3896139" /><ITEM ID="9340" PARENTID="1431650" CHILDID="1431724" CHANGEID="3901790" /><ITEM ID="9344" PARENTID="1432036" CHILDID="1432065" CHANGEID="3902931" /><ITEM ID="9345" PARENTID="1432440" CHILDID="1432065" CHANGEID="3903996" /><ITEM ID="9346" PARENTID="1432402" CHILDID="1432512" CHANGEID="3904181" /><ITEM ID="9347" PARENTID="1432591" CHILDID="1432698" CHANGEID="3904656" /><ITEM ID="9361" PARENTID="1434432" CHILDID="1430764" CHANGEID="3910040" /><ITEM ID="9363" PARENTID="1434903" CHILDID="1433099" CHANGEID="3911789" /><ITEM ID="9366" PARENTID="1435224" CHILDID="1435234" CHANGEID="3913148" /></ITEMS>