﻿<?xml version="1.0" encoding="utf-8"?><STEADS><STEAD ID="67812264" OBJECTID="162946774" OBJECTGUID="9ed40bef-92c7-47ca-8915-75bb6543100e" CHANGEID="592551135" NUMBER="55а" OPERTYPEID="10" PREVID="0" NEXTID="0" UPDATEDATE="2024-03-27" STARTDATE="2024-03-27" ENDDATE="2079-06-06" ISACTUAL="1" ISACTIVE="1" /><STEAD ID="596928" OBJECTID="85149374" OBJECTGUID="eeadee5e-d786-4948-92ae-e7c7695551f7" CHANGEID="126448475" NUMBER="6в" OPERTYPEID="10" NEXTID="0" UPDATEDATE="2018-10-09" STARTDATE="2018-10-09" ENDDATE="2079-06-06" ISACTUAL="1" ISACTIVE="1" /><STEAD ID="9891502" OBJECTID="94424674" OBJECTGUID="a7379a65-466e-4049-996a-d38100f723d7" CHANGEID="137372710" NUMBER="18" OPERTYPEID="10" NEXTID="0" UPDATEDATE="2019-11-11" STARTDATE="2019-11-08" ENDDATE="2079-06-06" ISACTUAL="1" ISACTIVE="1" /><STEAD ID="70420028" OBJECTID="168095917" OBJECTGUID="684087c5-ed00-47a9-ac32-0c4f2aa47573" CHANGEID="608248954" NUMBER="16" OPERTYPEID="10" PREVID="0" NEXTID="0" UPDATEDATE="2024-11-29" STARTDATE="2024-11-29" ENDDATE="2079-06-06" ISACTUAL="1" ISACTIVE="1" /><STEAD ID="2111294" OBJECTID="86656487" OBJECTGUID="043b490d-8eb6-45d3-aa8b-886c94c09be3" CHANGEID="128508201" NUMBER="13а" OPERTYPEID="10" NEXTID="0" UPDATEDATE="2018-10-09" STARTDATE="2018-10-08" ENDDATE="2079-06-06" ISACTUAL="1" ISACTIVE="1" /><STEAD ID="71437986" OBJECTID="169934813" OBJECTGUID="be3de5e4-c3d7-4205-a2d1-568c50377cda" CHANGEID="621714240" NUMBER="73" OPERTYPEID="10" PREVID="0" NEXTID="0" UPDATEDATE="2025-02-03" STARTDATE="2025-02-03" ENDDATE="2079-06-06" ISACTUAL="1" ISACTIVE="1" /><STEAD ID="3070329" OBJECTID="87611829" OBJECTGUID="eea48dfa-c54b-4c51-bdb8-38c176e6586f" CHANGEID="129735356" NUMBER="8" OPERTYPEID="10" NEXTID="0" UPDATEDATE="2018-12-03" STARTDATE="2018-12-03" ENDDATE="2079-06-06" ISACTUAL="1" ISACTIVE="1" /><STEAD ID="68537645" OBJECTID="164910882" OBJECTGUID="21361210-51a2-4269-a481-03b7fa3abc09" CHANGEID="600128250" NUMBER="9" OPERTYPEID="10" PREVID="0" NEXTID="0" UPDATEDATE="2024-08-28" STARTDATE="2024-08-28" ENDDATE="2079-06-06" ISACTUAL="1" ISACTIVE="1" /><STEAD ID="14186842" OBJECTID="101326234" OBJECTGUID="ec0f174f-aab4-49cd-b319-d0e08c2be103" CHANGEID="193412823" NUMBER="1" OPERTYPEID="10" PREVID="0" NEXTID="0" UPDATEDATE="2021-05-26" STARTDATE="2021-05-26" ENDDATE="2079-06-06" ISACTUAL="1" ISACTIVE="1" /><STEAD ID="68308871" OBJECTID="164286397" OBJECTGUID="b230336e-3ff5-41a0-93de-9a747a1739c1" CHANGEID="598297371" NUMBER="1" OPERTYPEID="10" PREVID="0" NEXTID="0" UPDATEDATE="2024-07-17" STARTDATE="2024-07-17" ENDDATE="2079-06-06" ISACTUAL="1" ISACTIVE="1" /><STEAD ID="8290941" OBJECTID="92824565" OBJECTGUID="97473123-cd9e-4c62-a0ab-30416416d774" CHANGEID="135667707" NUMBER="24б" OPERTYPEID="10" NEXTID="0" UPDATEDATE="2019-11-11" STARTDATE="2019-11-08" ENDDATE="2079-06-06" ISACTUAL="1" ISACTIVE="1" /><STEAD ID="7802680" OBJECTID="92336527" OBJECTGUID="b9155f9a-7161-4c69-bb29-c83f2475919b" CHANGEID="135145317" NUMBER="30б/1" OPERTYPEID="10" NEXTID="0" UPDATEDATE="2019-06-07" STARTDATE="2019-06-06" ENDDATE="2079-06-06" ISACTUAL="1" ISACTIVE="1" /><STEAD ID="1340827" OBJECTID="85889419" OBJECTGUID="a898f372-5944-4109-b3f6-ba79257a92e8" CHANGEID="127485899" NUMBER="5" OPERTYPEID="10" NEXTID="0" UPDATEDATE="2019-01-22" STARTDATE="2019-01-22" ENDDATE="2079-06-06" ISACTUAL="1" ISACTIVE="1" /><STEAD ID="11191503" OBJECTID="96062626" OBJECTGUID="fcc581c1-7e69-4ea3-b5cd-fbc9b332b306" CHANGEID="141099216" NUMBER="28/2/10" OPERTYPEID="10" PREVID="0" NEXTID="0" UPDATEDATE="2020-03-21" STARTDATE="2020-03-21" ENDDATE="2079-06-06" ISACTUAL="1" ISACTIVE="1" /><STEAD ID="14337795" OBJECTID="101631482" OBJECTGUID="201aff8c-7874-41fa-8888-d8bcd2d4f819" CHANGEID="195567149" NUMBER="1" OPERTYPEID="10" PREVID="0" NEXTID="0" UPDATEDATE="2021-06-23" STARTDATE="2021-06-23" ENDDATE="2079-06-06" ISACTUAL="1" ISACTIVE="1" /><STEAD ID="3390200" OBJECTID="87930543" OBJECTGUID="21564399-0fa1-42b3-b891-046a31d0fdfb" CHANGEID="130129932" NUMBER="5" OPERTYPEID="10" NEXTID="0" UPDATEDATE="2019-02-26" STARTDATE="2019-02-25" ENDDATE="2079-06-06" ISACTUAL="1" ISACTIVE="1" /><STEAD ID="14655128" OBJECTID="102363176" OBJECTGUID="05e8e167-1f0a-46a9-91bc-c5f8ddcf181c" CHANGEID="215597573" NUMBER="отсутствует" OPERTYPEID="10" PREVID="0" NEXTID="0" UPDATEDATE="2021-09-07" STARTDATE="2021-09-07" ENDDATE="2079-06-06" ISACTUAL="1" ISACTIVE="1" /><STEAD ID="72504678" OBJECTID="171775586" OBJECTGUID="4b414c38-a5a7-43be-b950-640803aa9e05" CHANGEID="644551487" NUMBER="17" OPERTYPEID="10" PREVID="0" NEXTID="0" UPDATEDATE="2025-04-18" STARTDATE="2025-04-18" ENDDATE="2079-06-06" ISACTUAL="1" ISACTIVE="1" /><STEAD ID="66283376" OBJECTID="158029580" OBJECTGUID="743d6f67-058f-4284-8253-c720a65215fb" CHANGEID="495112952" NUMBER="32Б" OPERTYPEID="10" PREVID="0" NEXTID="0" UPDATEDATE="2023-02-09" STARTDATE="2023-02-09" ENDDATE="2079-06-06" ISACTUAL="1" ISACTIVE="1" /><STEAD ID="67812286" OBJECTID="162946796" OBJECTGUID="559d3f8e-667a-4ab5-9943-f99285f4f392" CHANGEID="592551157" NUMBER="86" OPERTYPEID="10" PREVID="0" NEXTID="0" UPDATEDATE="2024-03-27" STARTDATE="2024-03-27" ENDDATE="2079-06-06" ISACTUAL="1" ISACTIVE="1" /><STEAD ID="9893916" OBJECTID="94427098" OBJECTGUID="4ee35fcc-0f3b-438b-bef1-3a8b17688a06" CHANGEID="137375180" NUMBER="12" OPERTYPEID="10" NEXTID="0" UPDATEDATE="2019-11-11" STARTDATE="2019-11-08" ENDDATE="2079-06-06" ISACTUAL="1" ISACTIVE="1" /><STEAD ID="9569184" OBJECTID="94102392" OBJECTGUID="0774d8be-8def-4585-be3e-0dcc3ceae145" CHANGEID="137039626" NUMBER="83" OPERTYPEID="10" NEXTID="0" UPDATEDATE="2019-11-25" STARTDATE="2019-11-22" ENDDATE="2079-06-06" ISACTUAL="1" ISACTIVE="1" /><STEAD ID="67812290" OBJECTID="162946800" OBJECTGUID="9dcbb95d-2f35-4d2d-85ce-2257dd307c33" CHANGEID="592551161" NUMBER="91" OPERTYPEID="10" PREVID="0" NEXTID="0" UPDATEDATE="2024-03-27" STARTDATE="2024-03-27" ENDDATE="2079-06-06" ISACTUAL="1" ISACTIVE="1" /><STEAD ID="838969" OBJECTID="85390126" OBJECTGUID="ded32fc4-efbc-41a7-81bf-a7bf03356a89" CHANGEID="126791601" NUMBER="Участок № 3" OPERTYPEID="10" NEXTID="0" UPDATEDATE="2018-06-14" STARTDATE="2018-06-14" ENDDATE="2079-06-06" ISACTUAL="1" ISACTIVE="1" /><STEAD ID="69848493" OBJECTID="167127691" OBJECTGUID="1d0c99ed-66fa-40ff-8cd3-5dff43fb3e69" CHANGEID="606254710" NUMBER="4" OPERTYPEID="10" PREVID="0" NEXTID="0" UPDATEDATE="2024-11-06" STARTDATE="2024-11-06" ENDDATE="2079-06-06" ISACTUAL="1" ISACTIVE="1" /><STEAD ID="9564538" OBJECTID="94097746" OBJECTGUID="64df0aca-af05-49f2-b0b0-2077c2a587c0" CHANGEID="137034878" NUMBER="14" OPERTYPEID="10" NEXTID="0" UPDATEDATE="2019-11-25" STARTDATE="2019-11-22" ENDDATE="2079-06-06" ISACTUAL="1" ISACTIVE="1" /><STEAD ID="8289638" OBJECTID="92823298" OBJECTGUID="741f3a94-1220-4273-8a7a-b1ef714f99b1" CHANGEID="135666271" NUMBER="30" OPERTYPEID="10" NEXTID="0" UPDATEDATE="2019-11-11" STARTDATE="2019-11-08" ENDDATE="2079-06-06" ISACTUAL="1" ISACTIVE="1" /><STEAD ID="4066115" OBJECTID="88604506" OBJECTGUID="014559ac-6b8f-48f1-b9ff-5004c5cffa1d" CHANGEID="130942647" NUMBER="20" OPERTYPEID="10" NEXTID="0" UPDATEDATE="2018-06-25" STARTDATE="2018-06-22" ENDDATE="2079-06-06" ISACTUAL="1" ISACTIVE="1" /><STEAD ID="67812276" OBJECTID="162946786" OBJECTGUID="8b2e241f-a1d9-482d-bb5d-25575fd0e03b" CHANGEID="592551147" NUMBER="76" OPERTYPEID="10" PREVID="0" NEXTID="0" UPDATEDATE="2024-03-27" STARTDATE="2024-03-27" ENDDATE="2079-06-06" ISACTUAL="1" ISACTIVE="1" /><STEAD ID="9888324" OBJECTID="94421409" OBJECTGUID="547af1ec-645f-4c44-93a6-54e1614df65d" CHANGEID="137369393" NUMBER="6" OPERTYPEID="10" NEXTID="0" UPDATEDATE="2019-11-11" STARTDATE="2019-11-08" ENDDATE="2079-06-06" ISACTUAL="1" ISACTIVE="1" /><STEAD ID="68546802" OBJECTID="164933903" OBJECTGUID="b190ee41-5224-4c00-a328-b47bcbb46c1c" CHANGEID="600164253" NUMBER="7" OPERTYPEID="10" PREVID="0" NEXTID="0" UPDATEDATE="2024-08-29" STARTDATE="2024-08-29" ENDDATE="2079-06-06" ISACTUAL="1" ISACTIVE="1" /><STEAD ID="9606002" OBJECTID="94139225" OBJECTGUID="064add2a-647f-4bcf-9218-4e659743eed1" CHANGEID="137077266" NUMBER="Участок № 5" OPERTYPEID="10" NEXTID="0" UPDATEDATE="2019-08-27" STARTDATE="2019-08-26" ENDDATE="2079-06-06" ISACTUAL="1" ISACTIVE="1" /><STEAD ID="66562732" OBJECTID="158742987" OBJECTGUID="a7341af5-d3c6-4b39-a5aa-8742d89fb763" CHANGEID="501448087" NUMBER="14" OPERTYPEID="10" PREVID="0" NEXTID="0" UPDATEDATE="2023-05-02" STARTDATE="2023-05-02" ENDDATE="2079-06-06" ISACTUAL="1" ISACTIVE="1" /><STEAD ID="13941957" OBJECTID="100843980" OBJECTGUID="72ca7379-b3b6-4699-a7aa-adb5ea3d356a" CHANGEID="191183537" NUMBER="7" OPERTYPEID="10" PREVID="0" NEXTID="0" UPDATEDATE="2021-04-07" STARTDATE="2021-04-07" ENDDATE="2079-06-06" ISACTUAL="1" ISACTIVE="1" /><STEAD ID="3042274" OBJECTID="87583824" OBJECTGUID="a045b948-945a-4cc3-a742-aefa76b5667b" CHANGEID="129700671" NUMBER="18" OPERTYPEID="10" NEXTID="0" UPDATEDATE="2018-11-06" STARTDATE="2018-11-06" ENDDATE="2079-06-06" ISACTUAL="1" ISACTIVE="1" /><STEAD ID="72691054" OBJECTID="172114900" OBJECTGUID="4e405bf2-1208-462f-90a0-ea786cae999b" CHANGEID="645630038" NUMBER="16" OPERTYPEID="10" PREVID="0" NEXTID="0" UPDATEDATE="2025-05-12" STARTDATE="2025-05-12" ENDDATE="2079-06-06" ISACTUAL="1" ISACTIVE="1" /><STEAD ID="13941715" OBJECTID="100843694" OBJECTGUID="560b8f24-0e75-4057-8cc6-f335f7ca1444" CHANGEID="188153772" NUMBER="7" OPERTYPEID="10" PREVID="0" NEXTID="0" UPDATEDATE="2021-04-07" STARTDATE="2021-04-07" ENDDATE="2079-06-06" ISACTUAL="1" ISACTIVE="1" /><STEAD ID="72504696" OBJECTID="171775608" OBJECTGUID="e45accc4-aa05-4db9-b6ce-ed86441c0e30" CHANGEID="644551519" NUMBER="4" OPERTYPEID="10" PREVID="0" NEXTID="0" UPDATEDATE="2025-04-18" STARTDATE="2025-04-18" ENDDATE="2079-06-06" ISACTUAL="1" ISACTIVE="1" /><STEAD ID="789511" OBJECTID="85340911" OBJECTGUID="2d3445b2-8d9b-4f79-a15b-827881aeb17f" CHANGEID="126723806" NUMBER="11а" OPERTYPEID="10" NEXTID="0" UPDATEDATE="2018-10-09" STARTDATE="2018-10-08" ENDDATE="2079-06-06" ISACTUAL="1" ISACTIVE="1" /><STEAD ID="3742105" OBJECTID="88281389" OBJECTGUID="d2db3a1a-f56a-46dc-aa93-205c8e0271e3" CHANGEID="130555459" NUMBER="2" OPERTYPEID="10" NEXTID="0" UPDATEDATE="2018-04-05" STARTDATE="2018-04-05" ENDDATE="2079-06-06" ISACTUAL="1" ISACTIVE="1" /><STEAD ID="9564771" OBJECTID="94097979" OBJECTGUID="4d1d4ced-2995-4457-ba42-ee5b1dc8bf00" CHANGEID="137035114" NUMBER="2" OPERTYPEID="10" NEXTID="0" UPDATEDATE="2019-11-25" STARTDATE="2019-11-22" ENDDATE="2079-06-06" ISACTUAL="1" ISACTIVE="1" /><STEAD ID="67340831" OBJECTID="161542702" OBJECTGUID="55669644-e314-44a8-879b-a8f5721e812a" CHANGEID="575414236" NUMBER="11а" OPERTYPEID="10" PREVID="0" NEXTID="0" UPDATEDATE="2023-11-30" STARTDATE="2023-11-30" ENDDATE="2079-06-06" ISACTUAL="1" ISACTIVE="1" /><STEAD ID="71437665" OBJECTID="169934443" OBJECTGUID="16d9bdcc-f782-4083-af12-2b4180bb2c02" CHANGEID="621713700" NUMBER="22" OPERTYPEID="10" PREVID="0" NEXTID="0" UPDATEDATE="2025-02-03" STARTDATE="2025-02-03" ENDDATE="2079-06-06" ISACTUAL="1" ISACTIVE="1" /><STEAD ID="72504698" OBJECTID="171775610" OBJECTGUID="a090327e-10a0-4e47-a6cc-a0161a8986d8" CHANGEID="644551521" NUMBER="62" OPERTYPEID="10" PREVID="0" NEXTID="0" UPDATEDATE="2025-04-18" STARTDATE="2025-04-18" ENDDATE="2079-06-06" ISACTUAL="1" ISACTIVE="1" /><STEAD ID="2057821" OBJECTID="86603227" OBJECTGUID="9d9e0fad-5580-418b-9116-a15812beb05d" CHANGEID="128437412" NUMBER="22б" OPERTYPEID="10" NEXTID="0" UPDATEDATE="2018-10-09" STARTDATE="2018-10-08" ENDDATE="2079-06-06" ISACTUAL="1" ISACTIVE="1" /><STEAD ID="72504697" OBJECTID="171775609" OBJECTGUID="8a6e60e0-2fb7-4e07-94a4-a4cb238d2bbf" CHANGEID="644551520" NUMBER="17" OPERTYPEID="10" PREVID="0" NEXTID="0" UPDATEDATE="2025-04-18" STARTDATE="2025-04-18" ENDDATE="2079-06-06" ISACTUAL="1" ISACTIVE="1" /><STEAD ID="67812272" OBJECTID="162946782" OBJECTGUID="c039e516-8b15-48f4-944d-afe2616308f3" CHANGEID="592551143" NUMBER="72" OPERTYPEID="10" PREVID="0" NEXTID="0" UPDATEDATE="2024-03-27" STARTDATE="2024-03-27" ENDDATE="2079-06-06" ISACTUAL="1" ISACTIVE="1" /><STEAD ID="67812289" OBJECTID="162946799" OBJECTGUID="ab94852c-e68b-4367-b26c-f9aacb32eee3" CHANGEID="592551160" NUMBER="89" OPERTYPEID="10" PREVID="0" NEXTID="0" UPDATEDATE="2024-03-27" STARTDATE="2024-03-27" ENDDATE="2079-06-06" ISACTUAL="1" ISACTIVE="1" /><STEAD ID="1632400" OBJECTID="86179554" OBJECTGUID="23b44d04-5f6a-4e90-8f46-1d4d314d8c11" CHANGEID="127878382" NUMBER="43а" OPERTYPEID="10" NEXTID="0" UPDATEDATE="2018-02-21" STARTDATE="2018-02-21" ENDDATE="2079-06-06" ISACTUAL="1" ISACTIVE="1" /><STEAD ID="2107784" OBJECTID="86652987" OBJECTGUID="004f2e56-7610-4514-ac5d-6f9aa14acf3f" CHANGEID="128503440" NUMBER="4б" OPERTYPEID="10" NEXTID="0" UPDATEDATE="2018-10-09" STARTDATE="2018-10-08" ENDDATE="2079-06-06" ISACTUAL="1" ISACTIVE="1" /><STEAD ID="68251588" OBJECTID="164096400" OBJECTGUID="4e4d5ffc-b1a9-4712-ae65-ffc9b46cff5a" CHANGEID="597627686" NUMBER="8" OPERTYPEID="10" PREVID="0" NEXTID="0" UPDATEDATE="2024-07-03" STARTDATE="2024-07-03" ENDDATE="2079-06-06" ISACTUAL="1" ISACTIVE="1" /><STEAD ID="2059275" OBJECTID="86604668" OBJECTGUID="8f0fec3e-63f5-4fe7-9394-6b6f2be514c9" CHANGEID="128439279" NUMBER="22а" OPERTYPEID="10" NEXTID="0" UPDATEDATE="2018-10-09" STARTDATE="2018-10-08" ENDDATE="2079-06-06" ISACTUAL="1" ISACTIVE="1" /><STEAD ID="9891067" OBJECTID="94424245" OBJECTGUID="8f18078f-1b47-433b-b370-8389d1235522" CHANGEID="137372274" NUMBER="20" OPERTYPEID="10" NEXTID="0" UPDATEDATE="2019-11-11" STARTDATE="2019-11-08" ENDDATE="2079-06-06" ISACTUAL="1" ISACTIVE="1" /><STEAD ID="3943065" OBJECTID="88481776" OBJECTGUID="fce395f0-09f8-46a2-8481-4513260b3d58" CHANGEID="130796921" NUMBER="20" OPERTYPEID="10" NEXTID="0" UPDATEDATE="2019-02-01" STARTDATE="2019-01-30" ENDDATE="2079-06-06" ISACTUAL="1" ISACTIVE="1" /><STEAD ID="9568244" OBJECTID="94101456" OBJECTGUID="dacb977e-5f86-4f72-8711-9a1fe4b503ec" CHANGEID="137038673" NUMBER="21" OPERTYPEID="10" NEXTID="0" UPDATEDATE="2019-11-25" STARTDATE="2019-11-22" ENDDATE="2079-06-06" ISACTUAL="1" ISACTIVE="1" /><STEAD ID="14510717" OBJECTID="101984250" OBJECTGUID="f92300cc-0584-4c8c-a4e2-13cc36ff7382" CHANGEID="199351643" NUMBER="дорога2" OPERTYPEID="10" PREVID="0" NEXTID="14679236" UPDATEDATE="2021-09-14" STARTDATE="2021-07-28" ENDDATE="2021-09-14" ISACTUAL="0" ISACTIVE="0" /><STEAD ID="14679236" OBJECTID="101984250" OBJECTGUID="f92300cc-0584-4c8c-a4e2-13cc36ff7382" CHANGEID="215816137" NUMBER="отсутствует" OPERTYPEID="20" PREVID="14510717" UPDATEDATE="2021-09-14" STARTDATE="2021-09-14" ENDDATE="2079-06-06" ISACTUAL="1" ISACTIVE="1" /><STEAD ID="67173010" OBJECTID="160836060" OBJECTGUID="ecd001ee-f4be-4b9c-8d33-db34619c9dd0" CHANGEID="568406732" NUMBER="4" OPERTYPEID="10" PREVID="0" NEXTID="0" UPDATEDATE="2023-10-25" STARTDATE="2023-10-25" ENDDATE="2079-06-06" ISACTUAL="1" ISACTIVE="1" /><STEAD ID="67812194" OBJECTID="162946672" OBJECTGUID="db48214e-ddcb-49f5-86f5-f7c643a8a085" CHANGEID="592550577" NUMBER="41" OPERTYPEID="10" PREVID="0" NEXTID="0" UPDATEDATE="2024-03-27" STARTDATE="2024-03-27" ENDDATE="2079-06-06" ISACTUAL="1" ISACTIVE="1" /><STEAD ID="3971555" OBJECTID="88510284" OBJECTGUID="d895ee42-241e-4868-8aa2-a0051431042e" CHANGEID="130831055" NUMBER="85" OPERTYPEID="10" NEXTID="0" UPDATEDATE="2018-10-08" STARTDATE="2018-10-05" ENDDATE="2079-06-06" ISACTUAL="1" ISACTIVE="1" /><STEAD ID="67812265" OBJECTID="162946775" OBJECTGUID="6f9bb03c-80de-4cf1-b3c2-3a66e577449e" CHANGEID="592551136" NUMBER="65" OPERTYPEID="10" PREVID="0" NEXTID="0" UPDATEDATE="2024-03-27" STARTDATE="2024-03-27" ENDDATE="2079-06-06" ISACTUAL="1" ISACTIVE="1" /><STEAD ID="67812270" OBJECTID="162946780" OBJECTGUID="c64adbc2-9b1f-4a38-8091-d774717f0447" CHANGEID="592551141" NUMBER="70" OPERTYPEID="10" PREVID="0" NEXTID="0" UPDATEDATE="2024-03-27" STARTDATE="2024-03-27" ENDDATE="2079-06-06" ISACTUAL="1" ISACTIVE="1" /><STEAD ID="65998562" OBJECTID="157007107" OBJECTGUID="b3401198-3c90-4ab2-83bc-c54da3880f14" CHANGEID="461997273" NUMBER="34" OPERTYPEID="10" PREVID="0" NEXTID="0" UPDATEDATE="2022-11-11" STARTDATE="2022-11-11" ENDDATE="2079-06-06" ISACTUAL="1" ISACTIVE="1" /><STEAD ID="9887333" OBJECTID="94420624" OBJECTGUID="c319fd1a-03ad-4aef-b46f-b5f28dfc1544" CHANGEID="137368595" NUMBER="7" OPERTYPEID="10" NEXTID="0" UPDATEDATE="2019-11-11" STARTDATE="2019-11-08" ENDDATE="2079-06-06" ISACTUAL="1" ISACTIVE="1" /><STEAD ID="66769006" OBJECTID="159297629" OBJECTGUID="0ed95217-a930-42e6-a575-22bd0900da74" CHANGEID="506811215" NUMBER="1" OPERTYPEID="10" PREVID="0" NEXTID="0" UPDATEDATE="2023-07-03" STARTDATE="2023-07-03" ENDDATE="2079-06-06" ISACTUAL="1" ISACTIVE="1" /><STEAD ID="9889795" OBJECTID="94422969" OBJECTGUID="beb151ec-9ba0-42bb-a89e-9fdeba3b0027" CHANGEID="137370972" NUMBER="3" OPERTYPEID="10" NEXTID="0" UPDATEDATE="2019-11-11" STARTDATE="2019-11-08" ENDDATE="2079-06-06" ISACTUAL="1" ISACTIVE="1" /><STEAD ID="9890115" OBJECTID="94423287" OBJECTGUID="59d8b5b5-bae0-499b-afbe-d7fb9fcfe6b1" CHANGEID="137371294" NUMBER="2" OPERTYPEID="10" NEXTID="0" UPDATEDATE="2019-11-11" STARTDATE="2019-11-08" ENDDATE="2079-06-06" ISACTUAL="1" ISACTIVE="1" /><STEAD ID="66283374" OBJECTID="158029576" OBJECTGUID="ad2d7904-737d-4085-b33d-1ac865b47b14" CHANGEID="495112948" NUMBER="12" OPERTYPEID="10" PREVID="0" NEXTID="0" UPDATEDATE="2023-02-09" STARTDATE="2023-02-09" ENDDATE="2079-06-06" ISACTUAL="1" ISACTIVE="1" /><STEAD ID="72504674" OBJECTID="171775582" OBJECTGUID="5b074314-7848-4dcb-b4d5-4e27fccd0df7" CHANGEID="644551483" NUMBER="23" OPERTYPEID="10" PREVID="0" NEXTID="0" UPDATEDATE="2025-04-18" STARTDATE="2025-04-18" ENDDATE="2079-06-06" ISACTUAL="1" ISACTIVE="1" /><STEAD ID="4526547" OBJECTID="89063957" OBJECTGUID="a566f7ae-b84c-484e-8150-f82a2ba3e1dd" CHANGEID="131479678" NUMBER="1" OPERTYPEID="10" NEXTID="0" UPDATEDATE="2018-03-07" STARTDATE="2018-03-06" ENDDATE="2079-06-06" ISACTUAL="1" ISACTIVE="1" /><STEAD ID="5436326" OBJECTID="89972140" OBJECTGUID="250ee193-d4cf-442e-8ccd-83e9c76de4c7" CHANGEID="132510496" NUMBER="7" OPERTYPEID="10" NEXTID="0" UPDATEDATE="2019-02-27" STARTDATE="2019-02-26" ENDDATE="2079-06-06" ISACTUAL="1" ISACTIVE="1" /><STEAD ID="341023" OBJECTID="84894805" OBJECTGUID="2febdd60-19e6-4af8-bf35-410cc41348c5" CHANGEID="126075399" NUMBER="12" OPERTYPEID="10" NEXTID="0" UPDATEDATE="2018-09-21" STARTDATE="2018-09-21" ENDDATE="2079-06-06" ISACTUAL="1" ISACTIVE="1" /><STEAD ID="2122941" OBJECTID="86668075" OBJECTGUID="80993b3c-7437-48bf-a28d-e17f86256ab5" CHANGEID="128524002" NUMBER="8" OPERTYPEID="10" NEXTID="0" UPDATEDATE="2018-10-09" STARTDATE="2018-10-09" ENDDATE="2079-06-06" ISACTUAL="1" ISACTIVE="1" /><STEAD ID="4529809" OBJECTID="89067207" OBJECTGUID="5a0aa9dd-02a9-4cd8-8cc7-e186a62da593" CHANGEID="131483422" NUMBER="3" OPERTYPEID="10" NEXTID="0" UPDATEDATE="2019-04-16" STARTDATE="2019-04-16" ENDDATE="2079-06-06" ISACTUAL="1" ISACTIVE="1" /><STEAD ID="3439126" OBJECTID="87979311" OBJECTGUID="9f68ea12-1261-47ad-92fb-c5a9e4706044" CHANGEID="130188883" NUMBER="13" OPERTYPEID="10" NEXTID="0" UPDATEDATE="2019-02-20" STARTDATE="2019-02-18" ENDDATE="2079-06-06" ISACTUAL="1" ISACTIVE="1" /><STEAD ID="9895515" OBJECTID="94428688" OBJECTGUID="e7cd0000-0724-42a7-be85-335244ae618c" CHANGEID="137376583" NUMBER="6" OPERTYPEID="10" NEXTID="0" UPDATEDATE="2019-11-11" STARTDATE="2019-11-08" ENDDATE="2079-06-06" ISACTUAL="1" ISACTIVE="1" /><STEAD ID="10820939" OBJECTID="95438268" OBJECTGUID="58d34484-5893-45fd-b6f8-cf8d64c02bc0" CHANGEID="138669804" NUMBER="23" OPERTYPEID="10" PREVID="0" NEXTID="0" UPDATEDATE="2020-02-04" STARTDATE="2020-02-04" ENDDATE="2079-06-06" ISACTUAL="1" ISACTIVE="1" /><STEAD ID="4660468" OBJECTID="89197627" OBJECTGUID="3667addd-fd97-4496-8c24-35102455408b" CHANGEID="131633926" NUMBER="24д" OPERTYPEID="10" NEXTID="0" UPDATEDATE="2018-06-29" STARTDATE="2018-06-29" ENDDATE="2079-06-06" ISACTUAL="1" ISACTIVE="1" /><STEAD ID="9897147" OBJECTID="94430319" OBJECTGUID="ae6df956-6182-4fe0-8b42-7db44c314a55" CHANGEID="137378476" NUMBER="2" OPERTYPEID="10" NEXTID="0" UPDATEDATE="2019-11-11" STARTDATE="2019-11-08" ENDDATE="2079-06-06" ISACTUAL="1" ISACTIVE="1" /><STEAD ID="9892518" OBJECTID="94425673" OBJECTGUID="694e1910-f2df-4ddb-9639-1ada0cad6390" CHANGEID="137373728" NUMBER="16" OPERTYPEID="10" NEXTID="0" UPDATEDATE="2019-11-11" STARTDATE="2019-11-08" ENDDATE="2079-06-06" ISACTUAL="1" ISACTIVE="1" /><STEAD ID="67812197" OBJECTID="162946675" OBJECTGUID="62cc731c-1014-451a-8d1d-68e1249e6ce8" CHANGEID="592550580" NUMBER="47" OPERTYPEID="10" PREVID="0" NEXTID="0" UPDATEDATE="2024-03-27" STARTDATE="2024-03-27" ENDDATE="2079-06-06" ISACTUAL="1" ISACTIVE="1" /><STEAD ID="67812198" OBJECTID="162946676" OBJECTGUID="6f3c5146-a7b1-4bc0-bcc1-22e3e833216d" CHANGEID="592550581" NUMBER="49" OPERTYPEID="10" PREVID="0" NEXTID="0" UPDATEDATE="2024-03-27" STARTDATE="2024-03-27" ENDDATE="2079-06-06" ISACTUAL="1" ISACTIVE="1" /><STEAD ID="66145581" OBJECTID="157584022" OBJECTGUID="4aeb835c-a0f3-4f94-8d62-3e882dc87190" CHANGEID="489337686" NUMBER="9А" OPERTYPEID="10" PREVID="0" NEXTID="0" UPDATEDATE="2022-12-21" STARTDATE="2022-12-21" ENDDATE="2079-06-06" ISACTUAL="1" ISACTIVE="1" /><STEAD ID="67812178" OBJECTID="162946656" OBJECTGUID="8b453b10-5ae4-4b44-a20a-1e902997f598" CHANGEID="592550561" NUMBER="21" OPERTYPEID="10" PREVID="0" NEXTID="0" UPDATEDATE="2024-03-27" STARTDATE="2024-03-27" ENDDATE="2079-06-06" ISACTUAL="1" ISACTIVE="1" /><STEAD ID="9890734" OBJECTID="94423909" OBJECTGUID="40436784-d9aa-4632-99d9-8289a49015c5" CHANGEID="137371933" NUMBER="22" OPERTYPEID="10" NEXTID="0" UPDATEDATE="2019-11-11" STARTDATE="2019-11-08" ENDDATE="2079-06-06" ISACTUAL="1" ISACTIVE="1" /><STEAD ID="11044337" OBJECTID="95807275" OBJECTGUID="ff70a3bf-97bf-4832-8e32-4e8c34f1e11d" CHANGEID="139735636" NUMBER="94" OPERTYPEID="10" PREVID="0" NEXTID="0" UPDATEDATE="2020-03-02" STARTDATE="2020-03-02" ENDDATE="2079-06-06" ISACTUAL="1" ISACTIVE="1" /><STEAD ID="67812189" OBJECTID="162946667" OBJECTGUID="4569b360-5516-4299-ab24-770ffe6ce802" CHANGEID="592550572" NUMBER="32" OPERTYPEID="10" PREVID="0" NEXTID="0" UPDATEDATE="2024-03-27" STARTDATE="2024-03-27" ENDDATE="2079-06-06" ISACTUAL="1" ISACTIVE="1" /><STEAD ID="66467118" OBJECTID="158494934" OBJECTGUID="382ec088-4e89-4c59-98c6-eb1043ce3230" CHANGEID="498931948" NUMBER="44А" OPERTYPEID="10" PREVID="0" NEXTID="0" UPDATEDATE="2023-04-05" STARTDATE="2023-04-05" ENDDATE="2079-06-06" ISACTUAL="1" ISACTIVE="1" /><STEAD ID="4077586" OBJECTID="88615955" OBJECTGUID="751825df-49d0-44c4-ba71-c9b6ae0ce33e" CHANGEID="130956068" NUMBER="8" OPERTYPEID="10" NEXTID="0" UPDATEDATE="2019-02-15" STARTDATE="2019-02-15" ENDDATE="2079-06-06" ISACTUAL="1" ISACTIVE="1" /><STEAD ID="2210501" OBJECTID="86755153" OBJECTGUID="98ba0a22-cd7a-4c2d-8f48-20011c7b79f3" CHANGEID="128638744" NUMBER="13а" OPERTYPEID="10" NEXTID="0" UPDATEDATE="2018-02-21" STARTDATE="2018-02-21" ENDDATE="2079-06-06" ISACTUAL="1" ISACTIVE="1" /><STEAD ID="67812176" OBJECTID="162946654" OBJECTGUID="d710dd8d-340f-42ea-8d19-84f50509decd" CHANGEID="592550559" NUMBER="19" OPERTYPEID="10" PREVID="0" NEXTID="0" UPDATEDATE="2024-03-27" STARTDATE="2024-03-27" ENDDATE="2079-06-06" ISACTUAL="1" ISACTIVE="1" /><STEAD ID="67812279" OBJECTID="162946789" OBJECTGUID="e4605a06-b28c-446f-9655-0f0f14fa223c" CHANGEID="592551150" NUMBER="79" OPERTYPEID="10" PREVID="0" NEXTID="0" UPDATEDATE="2024-03-27" STARTDATE="2024-03-27" ENDDATE="2079-06-06" ISACTUAL="1" ISACTIVE="1" /><STEAD ID="596039" OBJECTID="85148486" OBJECTGUID="e8a68853-962d-4b78-84c6-5b02f8328912" CHANGEID="126447324" NUMBER="4б" OPERTYPEID="10" NEXTID="0" UPDATEDATE="2018-10-09" STARTDATE="2018-10-09" ENDDATE="2079-06-06" ISACTUAL="1" ISACTIVE="1" /><STEAD ID="72505533" OBJECTID="171776792" OBJECTGUID="79c3c681-f5bb-4def-b8c6-c9297411a0db" CHANGEID="644553427" NUMBER="2" OPERTYPEID="10" PREVID="0" NEXTID="0" UPDATEDATE="2025-04-18" STARTDATE="2025-04-18" ENDDATE="2079-06-06" ISACTUAL="1" ISACTIVE="1" /><STEAD ID="67812273" OBJECTID="162946783" OBJECTGUID="b6b31b54-fb75-48a1-8799-978e0b0cf741" CHANGEID="592551144" NUMBER="73" OPERTYPEID="10" PREVID="0" NEXTID="0" UPDATEDATE="2024-03-27" STARTDATE="2024-03-27" ENDDATE="2079-06-06" ISACTUAL="1" ISACTIVE="1" /><STEAD ID="67812278" OBJECTID="162946788" OBJECTGUID="12a4c508-c559-4fe1-b46b-dbf4ffd509f1" CHANGEID="592551149" NUMBER="78" OPERTYPEID="10" PREVID="0" NEXTID="0" UPDATEDATE="2024-03-27" STARTDATE="2024-03-27" ENDDATE="2079-06-06" ISACTUAL="1" ISACTIVE="1" /><STEAD ID="9896209" OBJECTID="94429385" OBJECTGUID="7c27456c-544c-495e-8bbb-e1138d8e214a" CHANGEID="137377518" NUMBER="4" OPERTYPEID="10" NEXTID="0" UPDATEDATE="2019-11-11" STARTDATE="2019-11-08" ENDDATE="2079-06-06" ISACTUAL="1" ISACTIVE="1" /><STEAD ID="65973291" OBJECTID="156861647" OBJECTGUID="39e475fd-d600-4c20-b839-c3bfb4317819" CHANGEID="461262331" NUMBER="39" OPERTYPEID="10" PREVID="0" NEXTID="0" UPDATEDATE="2022-11-03" STARTDATE="2022-11-03" ENDDATE="2079-06-06" ISACTUAL="1" ISACTIVE="1" /><STEAD ID="67571169" OBJECTID="92335546" OBJECTGUID="49e63058-b6e0-4e0a-9ef4-44349c53471f" CHANGEID="588539186" NUMBER="26В" OPERTYPEID="20" PREVID="7801697" UPDATEDATE="2024-01-26" STARTDATE="2024-01-26" ENDDATE="2079-06-06" ISACTUAL="1" ISACTIVE="1" /><STEAD ID="7801697" OBJECTID="92335546" OBJECTGUID="49e63058-b6e0-4e0a-9ef4-44349c53471f" CHANGEID="135144264" NUMBER="26-В" OPERTYPEID="10" NEXTID="67571169" UPDATEDATE="2024-01-26" STARTDATE="2019-06-06" ENDDATE="2024-01-26" ISACTUAL="0" ISACTIVE="0" /><STEAD ID="71714733" OBJECTID="170433376" OBJECTGUID="ee9da4cb-b63b-44e5-87c4-2b3e65b33eaa" CHANGEID="641015762" NUMBER="1" OPERTYPEID="10" PREVID="0" NEXTID="0" UPDATEDATE="2025-02-20" STARTDATE="2025-02-20" ENDDATE="2079-06-06" ISACTUAL="1" ISACTIVE="1" /><STEAD ID="67812281" OBJECTID="162946791" OBJECTGUID="ee4683af-b148-44ed-8c30-3094c10f3a09" CHANGEID="592551152" NUMBER="81" OPERTYPEID="10" PREVID="0" NEXTID="0" UPDATEDATE="2024-03-27" STARTDATE="2024-03-27" ENDDATE="2079-06-06" ISACTUAL="1" ISACTIVE="1" /><STEAD ID="2055635" OBJECTID="86601052" OBJECTGUID="c0f7c3bf-6187-4124-8b8c-fab3155128c1" CHANGEID="128434552" NUMBER="36а" OPERTYPEID="10" NEXTID="0" UPDATEDATE="2018-10-09" STARTDATE="2018-10-08" ENDDATE="2079-06-06" ISACTUAL="1" ISACTIVE="1" /><STEAD ID="66577993" OBJECTID="158786233" OBJECTGUID="047e746f-243b-49d4-bf9d-3c69679843ea" CHANGEID="501548966" NUMBER="5" OPERTYPEID="10" PREVID="0" NEXTID="0" UPDATEDATE="2023-05-05" STARTDATE="2023-05-05" ENDDATE="2079-06-06" ISACTUAL="1" ISACTIVE="1" /><STEAD ID="67812292" OBJECTID="162946802" OBJECTGUID="c3fc8d77-2911-4248-b176-e9b530f7bbe9" CHANGEID="592551163" NUMBER="95" OPERTYPEID="10" PREVID="0" NEXTID="0" UPDATEDATE="2024-03-27" STARTDATE="2024-03-27" ENDDATE="2079-06-06" ISACTUAL="1" ISACTIVE="1" /><STEAD ID="9565248" OBJECTID="94098459" OBJECTGUID="3d406d6d-5adb-4b39-b615-2fc1cd604112" CHANGEID="137035606" NUMBER="9" OPERTYPEID="10" NEXTID="0" UPDATEDATE="2019-11-25" STARTDATE="2019-11-22" ENDDATE="2079-06-06" ISACTUAL="1" ISACTIVE="1" /><STEAD ID="824593" OBJECTID="85375814" OBJECTGUID="41fd2b72-5690-4ecf-960d-1c2c8e341c12" CHANGEID="126772274" NUMBER="9" OPERTYPEID="10" NEXTID="0" UPDATEDATE="2019-02-19" STARTDATE="2019-02-18" ENDDATE="2079-06-06" ISACTUAL="1" ISACTIVE="1" /><STEAD ID="69980318" OBJECTID="167354559" OBJECTGUID="5a6eec1d-f5ba-47c6-8edb-19eadb7e49d9" CHANGEID="606882808" NUMBER="55В" OPERTYPEID="10" PREVID="0" NEXTID="0" UPDATEDATE="2024-11-12" STARTDATE="2024-11-12" ENDDATE="2079-06-06" ISACTUAL="1" ISACTIVE="1" /><STEAD ID="67812282" OBJECTID="162946792" OBJECTGUID="d442f2a6-5d6f-4deb-b121-3034f704f8e5" CHANGEID="592551153" NUMBER="82" OPERTYPEID="10" PREVID="0" NEXTID="0" UPDATEDATE="2024-03-27" STARTDATE="2024-03-27" ENDDATE="2079-06-06" ISACTUAL="1" ISACTIVE="1" /><STEAD ID="9895779" OBJECTID="94428951" OBJECTGUID="31a58043-6276-47c5-aba8-1510141704bd" CHANGEID="137377075" NUMBER="5" OPERTYPEID="10" NEXTID="0" UPDATEDATE="2019-11-11" STARTDATE="2019-11-08" ENDDATE="2079-06-06" ISACTUAL="1" ISACTIVE="1" /><STEAD ID="67448381" OBJECTID="161835640" OBJECTGUID="f526edcb-e169-4784-adfd-9317b87d9545" CHANGEID="576979891" NUMBER="5а" OPERTYPEID="10" PREVID="0" NEXTID="0" UPDATEDATE="2023-12-20" STARTDATE="2023-12-20" ENDDATE="2079-06-06" ISACTUAL="1" ISACTIVE="1" /><STEAD ID="826226" OBJECTID="85377443" OBJECTGUID="ce716385-136f-403d-ba59-02e58cabb26e" CHANGEID="126774446" NUMBER="15" OPERTYPEID="10" NEXTID="0" UPDATEDATE="2019-02-19" STARTDATE="2019-02-18" ENDDATE="2079-06-06" ISACTUAL="1" ISACTIVE="1" /><STEAD ID="5583659" OBJECTID="90119467" OBJECTGUID="e4ae06ef-3c80-4b8c-a146-a0b7fd23abf3" CHANGEID="132675054" NUMBER="11А" OPERTYPEID="10" NEXTID="0" UPDATEDATE="2019-10-25" STARTDATE="2019-10-21" ENDDATE="2079-06-06" ISACTUAL="1" ISACTIVE="1" /><STEAD ID="67812287" OBJECTID="162946797" OBJECTGUID="3e0cf3b7-1583-4666-aaa2-0afb0ac1a4f5" CHANGEID="592551158" NUMBER="87" OPERTYPEID="10" PREVID="0" NEXTID="0" UPDATEDATE="2024-03-27" STARTDATE="2024-03-27" ENDDATE="2079-06-06" ISACTUAL="1" ISACTIVE="1" /><STEAD ID="67259243" OBJECTID="161300921" OBJECTGUID="ba8d49aa-0e63-446b-994d-69bc6df0ab40" CHANGEID="572832369" NUMBER="1" OPERTYPEID="10" PREVID="0" NEXTID="0" UPDATEDATE="2023-11-14" STARTDATE="2023-11-14" ENDDATE="2079-06-06" ISACTUAL="1" ISACTIVE="1" /><STEAD ID="13665968" OBJECTID="100472293" OBJECTGUID="31f31fd7-debc-48e2-9bfb-a9e73a8b115b" CHANGEID="181695754" NUMBER="23" OPERTYPEID="10" PREVID="0" NEXTID="0" UPDATEDATE="2021-03-04" STARTDATE="2021-03-04" ENDDATE="2079-06-06" ISACTUAL="1" ISACTIVE="1" /><STEAD ID="11591759" OBJECTID="96759702" OBJECTGUID="f44aee1c-4f2d-4839-8b67-d18f2da7970d" CHANGEID="150109925" NUMBER="15в" OPERTYPEID="10" PREVID="0" NEXTID="0" UPDATEDATE="2020-05-19" STARTDATE="2020-05-19" ENDDATE="2079-06-06" ISACTUAL="1" ISACTIVE="1" /><STEAD ID="67741792" OBJECTID="162727705" OBJECTGUID="d7adb18c-c67d-4e37-a43b-94a427ffb905" CHANGEID="591411232" NUMBER="37" OPERTYPEID="10" PREVID="0" NEXTID="0" UPDATEDATE="2024-03-07" STARTDATE="2024-03-07" ENDDATE="2079-06-06" ISACTUAL="1" ISACTIVE="1" /><STEAD ID="2121422" OBJECTID="86666558" OBJECTGUID="8a1e802e-7c90-4cc9-9a8a-2a9cc6d953dc" CHANGEID="128521940" NUMBER="23а" OPERTYPEID="10" NEXTID="0" UPDATEDATE="2018-10-09" STARTDATE="2018-10-08" ENDDATE="2079-06-06" ISACTUAL="1" ISACTIVE="1" /><STEAD ID="72108082" OBJECTID="171104365" OBJECTGUID="5163059b-e8e1-4df1-8094-e09681f6d12f" CHANGEID="642857982" NUMBER="3" OPERTYPEID="10" PREVID="0" NEXTID="0" UPDATEDATE="2025-03-20" STARTDATE="2025-03-20" ENDDATE="2079-06-06" ISACTUAL="1" ISACTIVE="1" /><STEAD ID="67812186" OBJECTID="162946664" OBJECTGUID="5635fc69-75a5-41f7-aa15-270ed4adadcd" CHANGEID="592550569" NUMBER="29" OPERTYPEID="10" PREVID="0" NEXTID="0" UPDATEDATE="2024-03-27" STARTDATE="2024-03-27" ENDDATE="2079-06-06" ISACTUAL="1" ISACTIVE="1" /><STEAD ID="66562733" OBJECTID="158742989" OBJECTGUID="73f01df3-bac8-419d-bee0-72bdbff27cde" CHANGEID="501448089" NUMBER="24" OPERTYPEID="10" PREVID="0" NEXTID="0" UPDATEDATE="2023-05-02" STARTDATE="2023-05-02" ENDDATE="2079-06-06" ISACTUAL="1" ISACTIVE="1" /><STEAD ID="5845479" OBJECTID="90380873" OBJECTGUID="0a1e1890-f236-48b4-b653-a39eeda7e5fe" CHANGEID="132969677" NUMBER="5" OPERTYPEID="10" NEXTID="0" UPDATEDATE="2019-04-09" STARTDATE="2019-04-05" ENDDATE="2079-06-06" ISACTUAL="1" ISACTIVE="1" /><STEAD ID="67812181" OBJECTID="162946659" OBJECTGUID="19c67052-b312-4e1e-a8ab-f25373bed985" CHANGEID="592550564" NUMBER="24" OPERTYPEID="10" PREVID="0" NEXTID="0" UPDATEDATE="2024-03-27" STARTDATE="2024-03-27" ENDDATE="2079-06-06" ISACTUAL="1" ISACTIVE="1" /><STEAD ID="2035065" OBJECTID="86580543" OBJECTGUID="849e7f35-266a-4fa7-b087-60b128e65cae" CHANGEID="128407894" NUMBER="19" OPERTYPEID="10" NEXTID="0" UPDATEDATE="2018-10-09" STARTDATE="2018-10-08" ENDDATE="2079-06-06" ISACTUAL="1" ISACTIVE="1" /><STEAD ID="790468" OBJECTID="85341865" OBJECTGUID="e20d2eba-98be-4af1-ba19-d821ce7ee7d4" CHANGEID="126725162" NUMBER="97" OPERTYPEID="10" NEXTID="0" UPDATEDATE="2018-10-09" STARTDATE="2018-10-08" ENDDATE="2079-06-06" ISACTUAL="1" ISACTIVE="1" /><STEAD ID="2413995" OBJECTID="86957832" OBJECTGUID="e0481637-cc55-467d-9b4d-d8e4909138d5" CHANGEID="128900870" NUMBER="28" OPERTYPEID="10" NEXTID="0" UPDATEDATE="2018-03-22" STARTDATE="2018-03-21" ENDDATE="2079-06-06" ISACTUAL="1" ISACTIVE="1" /><STEAD ID="70108210" OBJECTID="167571055" OBJECTGUID="41527271-4b8a-4964-a9ec-815000575ac4" CHANGEID="607314351" NUMBER="11" OPERTYPEID="10" PREVID="0" NEXTID="0" UPDATEDATE="2024-11-18" STARTDATE="2024-11-18" ENDDATE="2079-06-06" ISACTUAL="1" ISACTIVE="1" /><STEAD ID="7139530" OBJECTID="91673833" OBJECTGUID="67cb1989-b419-4710-801c-d821cad5ad4d" CHANGEID="134425427" NUMBER="8" OPERTYPEID="10" NEXTID="0" UPDATEDATE="2019-07-04" STARTDATE="2019-07-03" ENDDATE="2079-06-06" ISACTUAL="1" ISACTIVE="1" /><STEAD ID="72504695" OBJECTID="171775607" OBJECTGUID="cbdc6c8d-4c61-4562-aa34-c6fdbf9e3fe0" CHANGEID="644551518" NUMBER="8" OPERTYPEID="10" PREVID="0" NEXTID="0" UPDATEDATE="2025-04-18" STARTDATE="2025-04-18" ENDDATE="2079-06-06" ISACTUAL="1" ISACTIVE="1" /><STEAD ID="67571167" OBJECTID="95438256" OBJECTGUID="a8dd44f8-23a9-4df0-9cd3-f6667fb6a649" CHANGEID="588539137" NUMBER="7Б" OPERTYPEID="20" PREVID="10820937" UPDATEDATE="2024-01-26" STARTDATE="2024-01-26" ENDDATE="2079-06-06" ISACTUAL="1" ISACTIVE="1" /><STEAD ID="10820937" OBJECTID="95438256" OBJECTGUID="a8dd44f8-23a9-4df0-9cd3-f6667fb6a649" CHANGEID="138669791" NUMBER="7-б" OPERTYPEID="10" PREVID="0" NEXTID="67571167" UPDATEDATE="2024-01-26" STARTDATE="2020-02-04" ENDDATE="2024-01-26" ISACTUAL="0" ISACTIVE="0" /><STEAD ID="67812177" OBJECTID="162946655" OBJECTGUID="4d8a51b0-b199-4ec7-9ad5-b3ce4c6ce3ce" CHANGEID="592550560" NUMBER="20" OPERTYPEID="10" PREVID="0" NEXTID="0" UPDATEDATE="2024-03-27" STARTDATE="2024-03-27" ENDDATE="2079-06-06" ISACTUAL="1" ISACTIVE="1" /><STEAD ID="67812269" OBJECTID="162946779" OBJECTGUID="95edf3c8-3c7a-411f-848b-d735931111de" CHANGEID="592551140" NUMBER="69" OPERTYPEID="10" PREVID="0" NEXTID="0" UPDATEDATE="2024-03-27" STARTDATE="2024-03-27" ENDDATE="2079-06-06" ISACTUAL="1" ISACTIVE="1" /><STEAD ID="68553620" OBJECTID="164949130" OBJECTGUID="f28c4a80-c63b-435d-ab62-d30bc89cb4b0" CHANGEID="600189181" NUMBER="29б" OPERTYPEID="10" PREVID="0" NEXTID="0" UPDATEDATE="2024-08-30" STARTDATE="2024-08-30" ENDDATE="2079-06-06" ISACTUAL="1" ISACTIVE="1" /><STEAD ID="67471132" OBJECTID="161895816" OBJECTGUID="a4c11017-cd8a-4bf6-b29c-b86ac96b830c" CHANGEID="577292202" NUMBER="1" OPERTYPEID="10" PREVID="0" NEXTID="0" UPDATEDATE="2023-12-25" STARTDATE="2023-12-25" ENDDATE="2079-06-06" ISACTUAL="1" ISACTIVE="1" /><STEAD ID="9886824" OBJECTID="94419939" OBJECTGUID="f545cecc-d42e-44f3-a0df-bbc9d435c67d" CHANGEID="137367901" NUMBER="8" OPERTYPEID="10" NEXTID="0" UPDATEDATE="2019-11-11" STARTDATE="2019-11-08" ENDDATE="2079-06-06" ISACTUAL="1" ISACTIVE="1" /><STEAD ID="71714732" OBJECTID="170433375" OBJECTGUID="41466cb6-c6b8-456a-b74e-ec3afb895e01" CHANGEID="641015747" NUMBER="26" OPERTYPEID="10" PREVID="0" NEXTID="0" UPDATEDATE="2025-02-20" STARTDATE="2025-02-20" ENDDATE="2079-06-06" ISACTUAL="1" ISACTIVE="1" /><STEAD ID="3518280" OBJECTID="88058249" OBJECTGUID="d48af233-ae9f-4371-8d11-09eef585d8f8" CHANGEID="130284759" NUMBER="17а" OPERTYPEID="10" NEXTID="0" UPDATEDATE="2018-12-21" STARTDATE="2018-12-20" ENDDATE="2079-06-06" ISACTUAL="1" ISACTIVE="1" /><STEAD ID="67812195" OBJECTID="162946673" OBJECTGUID="003231ac-c3c6-4a95-b9d2-31bf558019f9" CHANGEID="592550578" NUMBER="43" OPERTYPEID="10" PREVID="0" NEXTID="0" UPDATEDATE="2024-03-27" STARTDATE="2024-03-27" ENDDATE="2079-06-06" ISACTUAL="1" ISACTIVE="1" /><STEAD ID="258749" OBJECTID="84813069" OBJECTGUID="c9996450-69ae-4f7a-8729-aac823b1f669" CHANGEID="125952188" NUMBER="29а" OPERTYPEID="10" NEXTID="0" UPDATEDATE="2016-08-12" STARTDATE="2016-08-10" ENDDATE="2079-06-06" ISACTUAL="1" ISACTIVE="1" /><STEAD ID="66506710" OBJECTID="158594300" OBJECTGUID="a1b16284-6f5a-4163-842c-683c3bd99473" CHANGEID="499237773" NUMBER="5" OPERTYPEID="10" PREVID="0" NEXTID="0" UPDATEDATE="2023-04-14" STARTDATE="2023-04-14" ENDDATE="2079-06-06" ISACTUAL="1" ISACTIVE="1" /><STEAD ID="71805533" OBJECTID="170593722" OBJECTGUID="77f16dec-4619-457b-957b-a5eea932011f" CHANGEID="641341796" NUMBER="7" OPERTYPEID="10" PREVID="0" NEXTID="0" UPDATEDATE="2025-02-26" STARTDATE="2025-02-26" ENDDATE="2079-06-06" ISACTUAL="1" ISACTIVE="1" /><STEAD ID="2109667" OBJECTID="86654851" OBJECTGUID="d9cb2645-e72c-414b-bac3-e0372c720787" CHANGEID="128506047" NUMBER="14" OPERTYPEID="10" NEXTID="0" UPDATEDATE="2018-10-09" STARTDATE="2018-10-08" ENDDATE="2079-06-06" ISACTUAL="1" ISACTIVE="1" /><STEAD ID="67812271" OBJECTID="162946781" OBJECTGUID="0fe805a3-e609-47bf-ad04-d5dfb64ccbd6" CHANGEID="592551142" NUMBER="71" OPERTYPEID="10" PREVID="0" NEXTID="0" UPDATEDATE="2024-03-27" STARTDATE="2024-03-27" ENDDATE="2079-06-06" ISACTUAL="1" ISACTIVE="1" /><STEAD ID="72504675" OBJECTID="171775583" OBJECTGUID="63ea7ae2-03b7-4aff-8bd7-e56468a3c4d6" CHANGEID="644551484" NUMBER="17/1" OPERTYPEID="10" PREVID="0" NEXTID="0" UPDATEDATE="2025-04-18" STARTDATE="2025-04-18" ENDDATE="2079-06-06" ISACTUAL="1" ISACTIVE="1" /><STEAD ID="68185266" OBJECTID="163912610" OBJECTGUID="4cdfeb7d-1a54-447b-96ef-afcba2caab63" CHANGEID="596882720" NUMBER="22" OPERTYPEID="10" PREVID="0" NEXTID="0" UPDATEDATE="2024-06-19" STARTDATE="2024-06-19" ENDDATE="2079-06-06" ISACTUAL="1" ISACTIVE="1" /><STEAD ID="8230278" OBJECTID="92763921" OBJECTGUID="106e44d5-4b7e-4e36-a61d-8f8e0c67066e" CHANGEID="135602923" NUMBER="8" OPERTYPEID="10" NEXTID="0" UPDATEDATE="2019-03-13" STARTDATE="2019-03-12" ENDDATE="2079-06-06" ISACTUAL="1" ISACTIVE="1" /><STEAD ID="68276906" OBJECTID="92824176" OBJECTGUID="164cd20c-3be9-4c92-8f8e-fdea672a5cd2" CHANGEID="598003955" NUMBER="26а" OPERTYPEID="20" PREVID="8290553" UPDATEDATE="2024-07-09" STARTDATE="2024-07-09" ENDDATE="2079-06-06" ISACTUAL="1" ISACTIVE="1" /><STEAD ID="8290553" OBJECTID="92824176" OBJECTGUID="164cd20c-3be9-4c92-8f8e-fdea672a5cd2" CHANGEID="135667311" NUMBER="26" OPERTYPEID="10" NEXTID="68276906" UPDATEDATE="2024-07-09" STARTDATE="2019-11-08" ENDDATE="2024-07-09" ISACTUAL="0" ISACTIVE="0" /><STEAD ID="9894720" OBJECTID="94427918" OBJECTGUID="40b0d8df-b150-4bbd-9da7-a498770f27bc" CHANGEID="137376026" NUMBER="8" OPERTYPEID="10" NEXTID="0" UPDATEDATE="2019-11-11" STARTDATE="2019-11-08" ENDDATE="2079-06-06" ISACTUAL="1" ISACTIVE="1" /><STEAD ID="6052873" OBJECTID="90588051" OBJECTGUID="b9863451-bc52-4489-8128-32fc0007bd84" CHANGEID="133201651" NUMBER="24г" OPERTYPEID="10" NEXTID="0" UPDATEDATE="2018-07-19" STARTDATE="2018-07-18" ENDDATE="2079-06-06" ISACTUAL="1" ISACTIVE="1" /><STEAD ID="8291896" OBJECTID="92825517" OBJECTGUID="e1f84473-3cce-4c94-a362-c8d09976616e" CHANGEID="135668711" NUMBER="24а" OPERTYPEID="10" NEXTID="0" UPDATEDATE="2019-11-11" STARTDATE="2019-11-08" ENDDATE="2079-06-06" ISACTUAL="1" ISACTIVE="1" /><STEAD ID="838886" OBJECTID="85390043" OBJECTGUID="3516aa88-b739-40b7-85c6-0e835dd09b77" CHANGEID="126791490" NUMBER="Участок № 4" OPERTYPEID="10" NEXTID="0" UPDATEDATE="2018-06-14" STARTDATE="2018-06-14" ENDDATE="2079-06-06" ISACTUAL="1" ISACTIVE="1" /><STEAD ID="9567801" OBJECTID="94101004" OBJECTGUID="8acffd21-0afc-4174-8c2c-075c692e1cd5" CHANGEID="137038199" NUMBER="6" OPERTYPEID="10" NEXTID="0" UPDATEDATE="2019-11-25" STARTDATE="2019-11-22" ENDDATE="2079-06-06" ISACTUAL="1" ISACTIVE="1" /><STEAD ID="1632739" OBJECTID="86179892" OBJECTGUID="838867eb-38da-4eab-a888-56bce0ff85fd" CHANGEID="127878860" NUMBER="22а" OPERTYPEID="10" NEXTID="0" UPDATEDATE="2018-02-21" STARTDATE="2018-02-21" ENDDATE="2079-06-06" ISACTUAL="1" ISACTIVE="1" /><STEAD ID="3742226" OBJECTID="88281513" OBJECTGUID="6ad7525a-1fd4-475f-9b23-de894e55ab11" CHANGEID="130555611" NUMBER="1" OPERTYPEID="10" NEXTID="0" UPDATEDATE="2018-04-05" STARTDATE="2018-04-05" ENDDATE="2079-06-06" ISACTUAL="1" ISACTIVE="1" /><STEAD ID="72505536" OBJECTID="171776795" OBJECTGUID="db49162c-7b34-41b0-a559-db53400a59d9" CHANGEID="644553430" NUMBER="12" OPERTYPEID="10" PREVID="0" NEXTID="0" UPDATEDATE="2025-04-18" STARTDATE="2025-04-18" ENDDATE="2079-06-06" ISACTUAL="1" ISACTIVE="1" /><STEAD ID="67812190" OBJECTID="162946668" OBJECTGUID="6ff2d780-1737-4e78-baa4-acdeac39e0c8" CHANGEID="592550573" NUMBER="33" OPERTYPEID="10" PREVID="0" NEXTID="0" UPDATEDATE="2024-03-27" STARTDATE="2024-03-27" ENDDATE="2079-06-06" ISACTUAL="1" ISACTIVE="1" /><STEAD ID="6645919" OBJECTID="91180531" OBJECTGUID="c5fa5edb-6d6b-4d47-bd8d-65725b9a613f" CHANGEID="133873822" NUMBER="7" OPERTYPEID="10" NEXTID="0" UPDATEDATE="2019-04-15" STARTDATE="2019-04-11" ENDDATE="2079-06-06" ISACTUAL="1" ISACTIVE="1" /><STEAD ID="67812184" OBJECTID="162946662" OBJECTGUID="c24bb478-4f24-49e5-87f7-db0264449e16" CHANGEID="592550567" NUMBER="27" OPERTYPEID="10" PREVID="0" NEXTID="0" UPDATEDATE="2024-03-27" STARTDATE="2024-03-27" ENDDATE="2079-06-06" ISACTUAL="1" ISACTIVE="1" /><STEAD ID="5544425" OBJECTID="90080141" OBJECTGUID="fc89fc10-5669-480f-9946-ec368c0a9719" CHANGEID="132631259" NUMBER="36" OPERTYPEID="10" NEXTID="0" UPDATEDATE="2018-10-08" STARTDATE="2018-10-05" ENDDATE="2079-06-06" ISACTUAL="1" ISACTIVE="1" /><STEAD ID="67812280" OBJECTID="162946790" OBJECTGUID="a5fcfac8-527c-4834-bde4-42cf7f153c8b" CHANGEID="592551151" NUMBER="80" OPERTYPEID="10" PREVID="0" NEXTID="0" UPDATEDATE="2024-03-27" STARTDATE="2024-03-27" ENDDATE="2079-06-06" ISACTUAL="1" ISACTIVE="1" /><STEAD ID="11191502" OBJECTID="96062625" OBJECTGUID="428037da-0d45-4dc7-b56e-ad5ae98d19e6" CHANGEID="141099215" NUMBER="28/2/9" OPERTYPEID="10" PREVID="0" NEXTID="0" UPDATEDATE="2020-03-21" STARTDATE="2020-03-21" ENDDATE="2079-06-06" ISACTUAL="1" ISACTIVE="1" /><STEAD ID="67812196" OBJECTID="162946674" OBJECTGUID="9308cd7d-bc41-4cf4-873b-1331db673b83" CHANGEID="592550579" NUMBER="45" OPERTYPEID="10" PREVID="0" NEXTID="0" UPDATEDATE="2024-03-27" STARTDATE="2024-03-27" ENDDATE="2079-06-06" ISACTUAL="1" ISACTIVE="1" /><STEAD ID="9569806" OBJECTID="94103056" OBJECTGUID="a6c70469-a1b6-44ae-a3a5-20f8c9aa86f7" CHANGEID="137040295" NUMBER="67" OPERTYPEID="10" NEXTID="0" UPDATEDATE="2019-11-25" STARTDATE="2019-11-22" ENDDATE="2079-06-06" ISACTUAL="1" ISACTIVE="1" /><STEAD ID="72504694" OBJECTID="171775606" OBJECTGUID="e79c51a1-f196-4fbc-921b-6e535563ba0e" CHANGEID="644551517" NUMBER="8" OPERTYPEID="10" PREVID="0" NEXTID="0" UPDATEDATE="2025-04-18" STARTDATE="2025-04-18" ENDDATE="2079-06-06" ISACTUAL="1" ISACTIVE="1" /><STEAD ID="67812291" OBJECTID="162946801" OBJECTGUID="07ebef45-4bd9-4e4d-b3bf-82ad0f893aa8" CHANGEID="592551162" NUMBER="93" OPERTYPEID="10" PREVID="0" NEXTID="0" UPDATEDATE="2024-03-27" STARTDATE="2024-03-27" ENDDATE="2079-06-06" ISACTUAL="1" ISACTIVE="1" /><STEAD ID="70179353" OBJECTID="167692970" OBJECTGUID="aa3c3886-07d8-4ccc-b37d-e54c2104e6ce" CHANGEID="607503564" NUMBER="6" OPERTYPEID="10" PREVID="0" NEXTID="0" UPDATEDATE="2024-11-20" STARTDATE="2024-11-20" ENDDATE="2079-06-06" ISACTUAL="1" ISACTIVE="1" /><STEAD ID="68429891" OBJECTID="164632628" OBJECTGUID="a3ebabd6-2cb5-4f7c-a0d1-94d6fb031ce6" CHANGEID="599510115" NUMBER="36" OPERTYPEID="10" PREVID="0" NEXTID="0" UPDATEDATE="2024-08-12" STARTDATE="2024-08-12" ENDDATE="2079-06-06" ISACTUAL="1" ISACTIVE="1" /><STEAD ID="4526044" OBJECTID="89063437" OBJECTGUID="6e311e42-a3fd-44ec-be03-a4e8a6a8e04c" CHANGEID="131479088" NUMBER="9а" OPERTYPEID="10" NEXTID="0" UPDATEDATE="2018-03-07" STARTDATE="2018-03-06" ENDDATE="2079-06-06" ISACTUAL="1" ISACTIVE="1" /><STEAD ID="67516321" OBJECTID="162040948" OBJECTGUID="7132a13a-e00b-4a51-94ce-f30f151e8d53" CHANGEID="583722669" NUMBER="42б" OPERTYPEID="10" PREVID="0" NEXTID="0" UPDATEDATE="2024-01-12" STARTDATE="2024-01-12" ENDDATE="2079-06-06" ISACTUAL="1" ISACTIVE="1" /><STEAD ID="7802965" OBJECTID="92336812" OBJECTGUID="b4d09b97-4b0d-4cba-a5a2-38ab27e44fea" CHANGEID="135145626" NUMBER="30б/2" OPERTYPEID="10" NEXTID="0" UPDATEDATE="2019-06-07" STARTDATE="2019-06-06" ENDDATE="2079-06-06" ISACTUAL="1" ISACTIVE="1" /><STEAD ID="72789704" OBJECTID="172289957" OBJECTGUID="02153172-f3cb-4c13-ba10-4ded2d13665c" CHANGEID="646212925" NUMBER="55" OPERTYPEID="10" PREVID="0" NEXTID="0" UPDATEDATE="2025-05-20" STARTDATE="2025-05-20" ENDDATE="2079-06-06" ISACTUAL="1" ISACTIVE="1" /><STEAD ID="5842441" OBJECTID="90377837" OBJECTGUID="96f21fb7-6a7c-46db-9a20-06cb33947d5d" CHANGEID="132966199" NUMBER="40" OPERTYPEID="10" NEXTID="0" UPDATEDATE="2019-04-09" STARTDATE="2019-04-05" ENDDATE="2079-06-06" ISACTUAL="1" ISACTIVE="1" /><STEAD ID="7705257" OBJECTID="92239172" OBJECTGUID="f12fc01f-c166-4da3-a94a-02acab539121" CHANGEID="135041216" NUMBER="1А" OPERTYPEID="10" NEXTID="0" UPDATEDATE="2017-07-31" STARTDATE="2017-07-27" ENDDATE="2079-06-06" ISACTUAL="1" ISACTIVE="1" /><STEAD ID="67812266" OBJECTID="162946776" OBJECTGUID="d468d93a-7019-41ac-9556-a4efa0b6a5f6" CHANGEID="592551137" NUMBER="66" OPERTYPEID="10" PREVID="0" NEXTID="0" UPDATEDATE="2024-03-27" STARTDATE="2024-03-27" ENDDATE="2079-06-06" ISACTUAL="1" ISACTIVE="1" /><STEAD ID="67812274" OBJECTID="162946784" OBJECTGUID="115b31e7-2d20-4af8-a928-dbbcc124a4aa" CHANGEID="592551145" NUMBER="74" OPERTYPEID="10" PREVID="0" NEXTID="0" UPDATEDATE="2024-03-27" STARTDATE="2024-03-27" ENDDATE="2079-06-06" ISACTUAL="1" ISACTIVE="1" /><STEAD ID="67084906" OBJECTID="160566277" OBJECTGUID="edb05d2c-29a5-4e8c-97bd-6751c076d709" CHANGEID="563100436" NUMBER="51" OPERTYPEID="10" PREVID="0" NEXTID="0" UPDATEDATE="2023-10-04" STARTDATE="2023-10-04" ENDDATE="2079-06-06" ISACTUAL="1" ISACTIVE="1" /><STEAD ID="9897664" OBJECTID="94430838" OBJECTGUID="124858d6-1bdb-4623-93dd-780ae63d42b4" CHANGEID="137379008" NUMBER="32" OPERTYPEID="10" NEXTID="0" UPDATEDATE="2019-11-11" STARTDATE="2019-11-08" ENDDATE="2079-06-06" ISACTUAL="1" ISACTIVE="1" /><STEAD ID="9890481" OBJECTID="94423655" OBJECTGUID="400b07f0-0b08-47c9-acda-4b5a7e9c0f01" CHANGEID="137371672" NUMBER="24" OPERTYPEID="10" NEXTID="0" UPDATEDATE="2019-11-11" STARTDATE="2019-11-08" ENDDATE="2079-06-06" ISACTUAL="1" ISACTIVE="1" /><STEAD ID="9566524" OBJECTID="94099851" OBJECTGUID="ba20a650-02d8-4b31-8296-fc9e78ce7c7b" CHANGEID="137037025" NUMBER="13" OPERTYPEID="10" NEXTID="0" UPDATEDATE="2019-11-25" STARTDATE="2019-11-22" ENDDATE="2079-06-06" ISACTUAL="1" ISACTIVE="1" /><STEAD ID="66283375" OBJECTID="158029578" OBJECTGUID="a4c21d59-d5ad-4ca7-af94-2145dca5daae" CHANGEID="495112950" NUMBER="30Б" OPERTYPEID="10" PREVID="0" NEXTID="0" UPDATEDATE="2023-02-09" STARTDATE="2023-02-09" ENDDATE="2079-06-06" ISACTUAL="1" ISACTIVE="1" /><STEAD ID="67812187" OBJECTID="162946665" OBJECTGUID="cb89ca41-eec2-4f7d-8f6c-dcbcc23f7d47" CHANGEID="592550570" NUMBER="30" OPERTYPEID="10" PREVID="0" NEXTID="0" UPDATEDATE="2024-03-27" STARTDATE="2024-03-27" ENDDATE="2079-06-06" ISACTUAL="1" ISACTIVE="1" /><STEAD ID="9889002" OBJECTID="94422174" OBJECTGUID="1339a02c-552f-49b3-b154-4391e0eff6f4" CHANGEID="137370170" NUMBER="4" OPERTYPEID="10" NEXTID="0" UPDATEDATE="2019-11-11" STARTDATE="2019-11-08" ENDDATE="2079-06-06" ISACTUAL="1" ISACTIVE="1" /><STEAD ID="67106853" OBJECTID="160630859" OBJECTGUID="f46a5b21-840e-4850-a918-6243e75534e5" CHANGEID="565862943" NUMBER="1" OPERTYPEID="10" PREVID="0" NEXTID="0" UPDATEDATE="2023-10-10" STARTDATE="2023-10-10" ENDDATE="2079-06-06" ISACTUAL="1" ISACTIVE="1" /><STEAD ID="2792482" OBJECTID="87334970" OBJECTGUID="4a935791-b51e-423d-a744-0d5350828f9c" CHANGEID="129387793" NUMBER="1г" OPERTYPEID="10" NEXTID="0" UPDATEDATE="2019-02-01" STARTDATE="2019-01-31" ENDDATE="2079-06-06" ISACTUAL="1" ISACTIVE="1" /><STEAD ID="67812193" OBJECTID="162946671" OBJECTGUID="34ac03c0-2b21-4d7b-9402-2c47cd8fcc87" CHANGEID="592550576" NUMBER="36" OPERTYPEID="10" PREVID="0" NEXTID="0" UPDATEDATE="2024-03-27" STARTDATE="2024-03-27" ENDDATE="2079-06-06" ISACTUAL="1" ISACTIVE="1" /><STEAD ID="7802410" OBJECTID="92336257" OBJECTGUID="b882e965-5cca-4820-bb12-56a8fe9e45d0" CHANGEID="135145028" NUMBER="10" OPERTYPEID="10" NEXTID="0" UPDATEDATE="2019-06-07" STARTDATE="2019-06-06" ENDDATE="2079-06-06" ISACTUAL="1" ISACTIVE="1" /><STEAD ID="3115927" OBJECTID="87657217" OBJECTGUID="80735d0a-741c-4a46-8e95-dfe4b69d9616" CHANGEID="129791428" NUMBER="69" OPERTYPEID="10" NEXTID="0" UPDATEDATE="2017-07-31" STARTDATE="2017-07-27" ENDDATE="2079-06-06" ISACTUAL="1" ISACTIVE="1" /><STEAD ID="2033876" OBJECTID="86579358" OBJECTGUID="ba006f23-e279-46c1-98ca-2768be4b9c87" CHANGEID="128406345" NUMBER="1" OPERTYPEID="10" NEXTID="0" UPDATEDATE="2018-10-09" STARTDATE="2018-10-08" ENDDATE="2079-06-06" ISACTUAL="1" ISACTIVE="1" /><STEAD ID="67812284" OBJECTID="162946794" OBJECTGUID="d49a0068-0960-4534-b95f-818edddb7260" CHANGEID="592551155" NUMBER="84" OPERTYPEID="10" PREVID="0" NEXTID="0" UPDATEDATE="2024-03-27" STARTDATE="2024-03-27" ENDDATE="2079-06-06" ISACTUAL="1" ISACTIVE="1" /><STEAD ID="10820931" OBJECTID="95438240" OBJECTGUID="09b103c8-9a09-40c9-94a0-42eff5e33a87" CHANGEID="138669774" NUMBER="2" OPERTYPEID="10" PREVID="0" NEXTID="0" UPDATEDATE="2020-02-04" STARTDATE="2020-02-04" ENDDATE="2079-06-06" ISACTUAL="1" ISACTIVE="1" /><STEAD ID="67812191" OBJECTID="162946669" OBJECTGUID="9f063fcf-25e8-4964-bc66-8213ba6e6922" CHANGEID="592550574" NUMBER="34" OPERTYPEID="10" PREVID="0" NEXTID="0" UPDATEDATE="2024-03-27" STARTDATE="2024-03-27" ENDDATE="2079-06-06" ISACTUAL="1" ISACTIVE="1" /><STEAD ID="67812288" OBJECTID="162946798" OBJECTGUID="078c73bd-a697-4ee4-b0c8-774524823798" CHANGEID="592551159" NUMBER="88" OPERTYPEID="10" PREVID="0" NEXTID="0" UPDATEDATE="2024-03-27" STARTDATE="2024-03-27" ENDDATE="2079-06-06" ISACTUAL="1" ISACTIVE="1" /><STEAD ID="2114045" OBJECTID="86659215" OBJECTGUID="6f0fb427-75fb-4d80-925c-fb7b30f0510e" CHANGEID="128511903" NUMBER="13б" OPERTYPEID="10" NEXTID="0" UPDATEDATE="2018-10-09" STARTDATE="2018-10-08" ENDDATE="2079-06-06" ISACTUAL="1" ISACTIVE="1" /><STEAD ID="72600533" OBJECTID="171949811" OBJECTGUID="2f28bbdb-64b8-4b4c-84e3-aa4c79de1a01" CHANGEID="644920154" NUMBER="44" OPERTYPEID="10" PREVID="0" NEXTID="0" UPDATEDATE="2025-04-28" STARTDATE="2025-04-28" ENDDATE="2079-06-06" ISACTUAL="1" ISACTIVE="1" /><STEAD ID="9888804" OBJECTID="94421979" OBJECTGUID="46d9cf20-5af9-41a2-8637-40383551ba3f" CHANGEID="137369969" NUMBER="5" OPERTYPEID="10" NEXTID="0" UPDATEDATE="2019-11-11" STARTDATE="2019-11-08" ENDDATE="2079-06-06" ISACTUAL="1" ISACTIVE="1" /><STEAD ID="4304662" OBJECTID="88842516" OBJECTGUID="b14f5f53-c481-43fc-9531-f45ed0bffb98" CHANGEID="131223482" NUMBER="5а" OPERTYPEID="10" NEXTID="0" UPDATEDATE="2017-11-24" STARTDATE="2017-11-23" ENDDATE="2079-06-06" ISACTUAL="1" ISACTIVE="1" /><STEAD ID="68083027" OBJECTID="163659449" OBJECTGUID="f2d2ea8f-b9a8-42b4-90ec-0c67f277026e" CHANGEID="596076529" NUMBER="3/1" OPERTYPEID="10" PREVID="0" NEXTID="0" UPDATEDATE="2024-05-27" STARTDATE="2024-05-27" ENDDATE="2079-06-06" ISACTUAL="1" ISACTIVE="1" /><STEAD ID="5491278" OBJECTID="90027049" OBJECTGUID="a8bcf3c7-4246-46bc-8f63-a80ec8ca5c60" CHANGEID="132573025" NUMBER="9" OPERTYPEID="10" NEXTID="0" UPDATEDATE="2019-11-15" STARTDATE="2019-11-14" ENDDATE="2079-06-06" ISACTUAL="1" ISACTIVE="1" /><STEAD ID="70632951" OBJECTID="168488712" OBJECTGUID="474d8a38-e432-4e5e-acc8-b71daa8709a6" CHANGEID="609011047" NUMBER="2г" OPERTYPEID="10" PREVID="0" NEXTID="0" UPDATEDATE="2024-12-10" STARTDATE="2024-12-10" ENDDATE="2079-06-06" ISACTUAL="1" ISACTIVE="1" /><STEAD ID="9609902" OBJECTID="94143103" OBJECTGUID="f165edf9-f1e6-41d4-8f16-5fa9b5149c82" CHANGEID="137081241" NUMBER="Участок № 6" OPERTYPEID="10" NEXTID="0" UPDATEDATE="2019-08-27" STARTDATE="2019-08-26" ENDDATE="2079-06-06" ISACTUAL="1" ISACTIVE="1" /><STEAD ID="67812188" OBJECTID="162946666" OBJECTGUID="738b417f-e18d-459e-9c15-92ed3a43cb01" CHANGEID="592550571" NUMBER="31" OPERTYPEID="10" PREVID="0" NEXTID="0" UPDATEDATE="2024-03-27" STARTDATE="2024-03-27" ENDDATE="2079-06-06" ISACTUAL="1" ISACTIVE="1" /><STEAD ID="2115382" OBJECTID="86660533" OBJECTGUID="6cfb628b-171b-4874-8fe7-ff43bf91bc59" CHANGEID="128513769" NUMBER="18" OPERTYPEID="10" NEXTID="0" UPDATEDATE="2018-10-09" STARTDATE="2018-10-08" ENDDATE="2079-06-06" ISACTUAL="1" ISACTIVE="1" /><STEAD ID="9565660" OBJECTID="94098868" OBJECTGUID="55a954da-7401-4146-b7f4-61fcb4948cf1" CHANGEID="137036023" NUMBER="2" OPERTYPEID="10" NEXTID="0" UPDATEDATE="2019-11-25" STARTDATE="2019-11-22" ENDDATE="2079-06-06" ISACTUAL="1" ISACTIVE="1" /><STEAD ID="66113851" OBJECTID="157463681" OBJECTGUID="9d92777d-9052-4e1f-9eda-68a397994216" CHANGEID="489070672" NUMBER="55Б" OPERTYPEID="10" PREVID="0" NEXTID="0" UPDATEDATE="2022-12-13" STARTDATE="2022-12-13" ENDDATE="2079-06-06" ISACTUAL="1" ISACTIVE="1" /><STEAD ID="598523" OBJECTID="85150957" OBJECTGUID="400e7157-e683-4150-9ee6-b2ca0c79f121" CHANGEID="126450514" NUMBER="1а" OPERTYPEID="10" NEXTID="0" UPDATEDATE="2018-10-09" STARTDATE="2018-10-09" ENDDATE="2079-06-06" ISACTUAL="1" ISACTIVE="1" /><STEAD ID="72504699" OBJECTID="171775611" OBJECTGUID="a6245cc9-0f86-4d26-bee0-32ed8a13503a" CHANGEID="644551522" NUMBER="11" OPERTYPEID="10" PREVID="0" NEXTID="0" UPDATEDATE="2025-04-18" STARTDATE="2025-04-18" ENDDATE="2079-06-06" ISACTUAL="1" ISACTIVE="1" /><STEAD ID="72505534" OBJECTID="171776793" OBJECTGUID="704f0bba-e1a1-4343-916c-457a3ed6be0e" CHANGEID="644553428" NUMBER="1" OPERTYPEID="10" PREVID="0" NEXTID="0" UPDATEDATE="2025-04-18" STARTDATE="2025-04-18" ENDDATE="2079-06-06" ISACTUAL="1" ISACTIVE="1" /><STEAD ID="1632565" OBJECTID="86179726" OBJECTGUID="df97381a-a262-4c44-83e3-17b3afdced02" CHANGEID="127878638" NUMBER="41а" OPERTYPEID="10" NEXTID="0" UPDATEDATE="2018-02-21" STARTDATE="2018-02-21" ENDDATE="2079-06-06" ISACTUAL="1" ISACTIVE="1" /><STEAD ID="67812185" OBJECTID="162946663" OBJECTGUID="27cf1306-b3eb-4ed5-a912-46228573f652" CHANGEID="592550568" NUMBER="28" OPERTYPEID="10" PREVID="0" NEXTID="0" UPDATEDATE="2024-03-27" STARTDATE="2024-03-27" ENDDATE="2079-06-06" ISACTUAL="1" ISACTIVE="1" /><STEAD ID="67812275" OBJECTID="162946785" OBJECTGUID="d928b075-39cf-4c24-a9fa-3f4494801741" CHANGEID="592551146" NUMBER="75" OPERTYPEID="10" PREVID="0" NEXTID="0" UPDATEDATE="2024-03-27" STARTDATE="2024-03-27" ENDDATE="2079-06-06" ISACTUAL="1" ISACTIVE="1" /><STEAD ID="72504676" OBJECTID="171775584" OBJECTGUID="01d1d65f-afcb-48fc-8f86-6a017f0fd75f" CHANGEID="644551485" NUMBER="17" OPERTYPEID="10" PREVID="0" NEXTID="0" UPDATEDATE="2025-04-18" STARTDATE="2025-04-18" ENDDATE="2079-06-06" ISACTUAL="1" ISACTIVE="1" /><STEAD ID="5583010" OBJECTID="90118677" OBJECTGUID="e13a34cd-a94b-44bf-a4b7-a5865a954cf1" CHANGEID="132674153" NUMBER="11" OPERTYPEID="10" NEXTID="0" UPDATEDATE="2019-10-25" STARTDATE="2019-10-23" ENDDATE="2079-06-06" ISACTUAL="1" ISACTIVE="1" /><STEAD ID="13941958" OBJECTID="100843982" OBJECTGUID="26319fbc-49b4-4b16-8caa-84c5072e808f" CHANGEID="191183539" NUMBER="1а" OPERTYPEID="10" PREVID="0" NEXTID="0" UPDATEDATE="2021-04-07" STARTDATE="2021-04-07" ENDDATE="2079-06-06" ISACTUAL="1" ISACTIVE="1" /><STEAD ID="72505535" OBJECTID="171776794" OBJECTGUID="d844999d-bdfc-4c99-99aa-252af6d25acb" CHANGEID="644553429" NUMBER="15" OPERTYPEID="10" PREVID="0" NEXTID="0" UPDATEDATE="2025-04-18" STARTDATE="2025-04-18" ENDDATE="2079-06-06" ISACTUAL="1" ISACTIVE="1" /><STEAD ID="14395160" OBJECTID="101740386" OBJECTGUID="55a8b5d2-5972-42db-821d-b180eef2c5b8" CHANGEID="195877693" NUMBER="3" OPERTYPEID="10" PREVID="0" NEXTID="0" UPDATEDATE="2021-07-02" STARTDATE="2021-07-02" ENDDATE="2079-06-06" ISACTUAL="1" ISACTIVE="1" /><STEAD ID="14505131" OBJECTID="101967392" OBJECTGUID="26b173f1-3ca6-42f4-916b-f0705969e7d8" CHANGEID="198829313" NUMBER="дорога" OPERTYPEID="10" PREVID="0" NEXTID="0" UPDATEDATE="2021-07-27" STARTDATE="2021-07-27" ENDDATE="2079-06-06" ISACTUAL="1" ISACTIVE="1" /><STEAD ID="669354" OBJECTID="85221379" OBJECTGUID="3c5e356f-4785-4bce-a7e5-223f43d518b7" CHANGEID="126552042" NUMBER="4" OPERTYPEID="10" NEXTID="0" UPDATEDATE="2019-02-25" STARTDATE="2019-02-25" ENDDATE="2079-06-06" ISACTUAL="1" ISACTIVE="1" /><STEAD ID="2106713" OBJECTID="86651928" OBJECTGUID="96a04404-d9e4-416a-86f9-5031e55d8b88" CHANGEID="128502030" NUMBER="4а" OPERTYPEID="10" NEXTID="0" UPDATEDATE="2018-10-09" STARTDATE="2018-10-08" ENDDATE="2079-06-06" ISACTUAL="1" ISACTIVE="1" /><STEAD ID="10240937" OBJECTID="94774071" OBJECTGUID="a1b19ba1-3b29-4d83-8e04-15b7b93442b3" CHANGEID="137726587" NUMBER="13" OPERTYPEID="10" NEXTID="0" UPDATEDATE="2019-06-07" STARTDATE="2019-06-06" ENDDATE="2079-06-06" ISACTUAL="1" ISACTIVE="1" /><STEAD ID="67812268" OBJECTID="162946778" OBJECTGUID="265823e5-7b3f-4373-82b1-53623322e917" CHANGEID="592551139" NUMBER="68" OPERTYPEID="10" PREVID="0" NEXTID="0" UPDATEDATE="2024-03-27" STARTDATE="2024-03-27" ENDDATE="2079-06-06" ISACTUAL="1" ISACTIVE="1" /><STEAD ID="72504677" OBJECTID="171775585" OBJECTGUID="d3d8206a-7120-4816-b908-2b85e1da183e" CHANGEID="644551486" NUMBER="64" OPERTYPEID="10" PREVID="0" NEXTID="0" UPDATEDATE="2025-04-18" STARTDATE="2025-04-18" ENDDATE="2079-06-06" ISACTUAL="1" ISACTIVE="1" /><STEAD ID="67812183" OBJECTID="162946661" OBJECTGUID="17ce9016-87fd-4d3d-85da-0b6be11fb114" CHANGEID="592550566" NUMBER="26" OPERTYPEID="10" PREVID="0" NEXTID="0" UPDATEDATE="2024-03-27" STARTDATE="2024-03-27" ENDDATE="2079-06-06" ISACTUAL="1" ISACTIVE="1" /><STEAD ID="6872777" OBJECTID="91407252" OBJECTGUID="3f43ba0a-c975-427c-94c3-80a060e42b67" CHANGEID="134128225" NUMBER="2" OPERTYPEID="10" NEXTID="0" UPDATEDATE="2019-04-18" STARTDATE="2019-04-18" ENDDATE="2079-06-06" ISACTUAL="1" ISACTIVE="1" /><STEAD ID="67565612" OBJECTID="90235116" OBJECTGUID="75dc85f3-a829-4b81-9ce1-30fc1f635a23" CHANGEID="587799422" NUMBER="30Ш" OPERTYPEID="20" PREVID="5699576" UPDATEDATE="2024-01-25" STARTDATE="2024-01-25" ENDDATE="2079-06-06" ISACTUAL="1" ISACTIVE="1" /><STEAD ID="5699576" OBJECTID="90235116" OBJECTGUID="75dc85f3-a829-4b81-9ce1-30fc1f635a23" CHANGEID="132805520" NUMBER="30-ш" OPERTYPEID="10" NEXTID="67565612" UPDATEDATE="2024-01-25" STARTDATE="2019-04-27" ENDDATE="2024-01-25" ISACTUAL="0" ISACTIVE="0" /><STEAD ID="66064367" OBJECTID="157342866" OBJECTGUID="ecd3335f-ce22-41dd-86f7-20f68af2be0f" CHANGEID="488452461" NUMBER="6а" OPERTYPEID="10" PREVID="0" NEXTID="0" UPDATEDATE="2022-11-30" STARTDATE="2022-11-30" ENDDATE="2079-06-06" ISACTUAL="1" ISACTIVE="1" /><STEAD ID="67812180" OBJECTID="162946658" OBJECTGUID="4dc36f2c-4014-426a-b914-7a5d9721176f" CHANGEID="592550563" NUMBER="23" OPERTYPEID="10" PREVID="0" NEXTID="0" UPDATEDATE="2024-03-27" STARTDATE="2024-03-27" ENDDATE="2079-06-06" ISACTUAL="1" ISACTIVE="1" /><STEAD ID="67571168" OBJECTID="95438257" OBJECTGUID="397809d4-ee4a-40eb-85d5-2949e089a318" CHANGEID="588539138" NUMBER="3А" OPERTYPEID="20" PREVID="10820938" UPDATEDATE="2024-01-26" STARTDATE="2024-01-26" ENDDATE="2079-06-06" ISACTUAL="1" ISACTIVE="1" /><STEAD ID="10820938" OBJECTID="95438257" OBJECTGUID="397809d4-ee4a-40eb-85d5-2949e089a318" CHANGEID="138669792" NUMBER="3-а" OPERTYPEID="10" PREVID="0" NEXTID="67571168" UPDATEDATE="2024-01-26" STARTDATE="2020-02-04" ENDDATE="2024-01-26" ISACTUAL="0" ISACTIVE="0" /><STEAD ID="2053217" OBJECTID="86598649" OBJECTGUID="de8351f0-33ab-499f-8d91-524206890610" CHANGEID="128431555" NUMBER="14" OPERTYPEID="10" NEXTID="0" UPDATEDATE="2018-10-09" STARTDATE="2018-10-08" ENDDATE="2079-06-06" ISACTUAL="1" ISACTIVE="1" /><STEAD ID="5089648" OBJECTID="89625990" OBJECTGUID="e7c4490d-5754-4e28-8ae8-3f2227e0a643" CHANGEID="132119065" NUMBER="20" OPERTYPEID="10" NEXTID="0" UPDATEDATE="2019-05-15" STARTDATE="2019-05-15" ENDDATE="2079-06-06" ISACTUAL="1" ISACTIVE="1" /><STEAD ID="14477521" OBJECTID="101904464" OBJECTGUID="c166a6ce-8be6-49d5-8461-e5d25630e1e9" CHANGEID="197098499" NUMBER="б/н" OPERTYPEID="10" PREVID="0" NEXTID="0" UPDATEDATE="2021-07-21" STARTDATE="2021-07-21" ENDDATE="2079-06-06" ISACTUAL="1" ISACTIVE="1" /><STEAD ID="67391324" OBJECTID="161671164" OBJECTGUID="20a4ab1e-dc1f-4f45-8b10-949759220e9a" CHANGEID="576224087" NUMBER="1" OPERTYPEID="10" PREVID="0" NEXTID="0" UPDATEDATE="2023-12-11" STARTDATE="2023-12-11" ENDDATE="2079-06-06" ISACTUAL="1" ISACTIVE="1" /><STEAD ID="67812267" OBJECTID="162946777" OBJECTGUID="41a31c15-6758-4242-8c3c-d00e1a0362b4" CHANGEID="592551138" NUMBER="67" OPERTYPEID="10" PREVID="0" NEXTID="0" UPDATEDATE="2024-03-27" STARTDATE="2024-03-27" ENDDATE="2079-06-06" ISACTUAL="1" ISACTIVE="1" /><STEAD ID="13665969" OBJECTID="100472294" OBJECTGUID="d212a965-66b8-46de-9166-dd5ff29023b6" CHANGEID="181695755" NUMBER="6а" OPERTYPEID="10" PREVID="0" NEXTID="0" UPDATEDATE="2021-03-04" STARTDATE="2021-03-04" ENDDATE="2079-06-06" ISACTUAL="1" ISACTIVE="1" /><STEAD ID="67565611" OBJECTID="90188895" OBJECTGUID="8a085722-76ad-4f7f-9612-317cfa06661a" CHANGEID="587799411" NUMBER="30Т" OPERTYPEID="20" PREVID="5653310" UPDATEDATE="2024-01-25" STARTDATE="2024-01-25" ENDDATE="2079-06-06" ISACTUAL="1" ISACTIVE="1" /><STEAD ID="5653310" OBJECTID="90188895" OBJECTGUID="8a085722-76ad-4f7f-9612-317cfa06661a" CHANGEID="132752885" NUMBER="30-т" OPERTYPEID="10" NEXTID="67565611" UPDATEDATE="2024-01-25" STARTDATE="2019-04-27" ENDDATE="2024-01-25" ISACTUAL="0" ISACTIVE="0" /><STEAD ID="11044336" OBJECTID="95807274" OBJECTGUID="bc8e0da2-e75a-42ef-966e-9d3c6b53c313" CHANGEID="139735633" NUMBER="28" OPERTYPEID="10" PREVID="0" NEXTID="0" UPDATEDATE="2020-03-02" STARTDATE="2020-03-02" ENDDATE="2079-06-06" ISACTUAL="1" ISACTIVE="1" /><STEAD ID="1786425" OBJECTID="86332950" OBJECTGUID="e0debf74-883f-4fb9-8b10-6ec12bff9413" CHANGEID="128081002" NUMBER="7а" OPERTYPEID="10" NEXTID="13894077" UPDATEDATE="2021-04-05" STARTDATE="2017-10-13" ENDDATE="2019-04-13" ISACTUAL="0" ISACTIVE="0" /><STEAD ID="13894077" OBJECTID="86332950" OBJECTGUID="e0debf74-883f-4fb9-8b10-6ec12bff9413" CHANGEID="128081042" NUMBER="7а" OPERTYPEID="30" PREVID="1786425" NEXTID="0" UPDATEDATE="2021-04-05" STARTDATE="2019-04-13" ENDDATE="2079-06-06" ISACTUAL="1" ISACTIVE="0" /><STEAD ID="2589971" OBJECTID="87133139" OBJECTGUID="172c3b07-3853-4e8a-bc1c-cb71629532cf" CHANGEID="129126249" NUMBER="1б" OPERTYPEID="10" NEXTID="0" UPDATEDATE="2018-07-04" STARTDATE="2018-07-04" ENDDATE="2079-06-06" ISACTUAL="1" ISACTIVE="1" /><STEAD ID="11191504" OBJECTID="96062627" OBJECTGUID="2459dc76-6ece-4db6-9b66-3ebf0b6d24f4" CHANGEID="141099217" NUMBER="33/5" OPERTYPEID="10" PREVID="0" NEXTID="0" UPDATEDATE="2020-03-21" STARTDATE="2020-03-21" ENDDATE="2079-06-06" ISACTUAL="1" ISACTIVE="1" /><STEAD ID="3561968" OBJECTID="88101805" OBJECTGUID="d7162399-a970-499f-ad86-98189d74fd1c" CHANGEID="130338137" NUMBER="40а" OPERTYPEID="10" NEXTID="0" UPDATEDATE="2018-10-08" STARTDATE="2018-10-08" ENDDATE="2079-06-06" ISACTUAL="1" ISACTIVE="1" /><STEAD ID="3419174" OBJECTID="87959425" OBJECTGUID="be57e297-e22d-4d37-be70-665019b90d5e" CHANGEID="130164655" NUMBER="13" OPERTYPEID="10" NEXTID="0" UPDATEDATE="2019-11-25" STARTDATE="2019-11-25" ENDDATE="2079-06-06" ISACTUAL="1" ISACTIVE="1" /><STEAD ID="2115951" OBJECTID="86661124" OBJECTGUID="9840eaea-e13d-41aa-b848-7d93973ff691" CHANGEID="128514550" NUMBER="13в" OPERTYPEID="10" NEXTID="0" UPDATEDATE="2018-10-09" STARTDATE="2018-10-08" ENDDATE="2079-06-06" ISACTUAL="1" ISACTIVE="1" /><STEAD ID="8236710" OBJECTID="92770351" OBJECTGUID="aacca1fe-76b7-4f47-846a-a5c493cf06e5" CHANGEID="135609836" NUMBER="10" OPERTYPEID="10" NEXTID="0" UPDATEDATE="2019-07-19" STARTDATE="2019-07-17" ENDDATE="2079-06-06" ISACTUAL="1" ISACTIVE="1" /><STEAD ID="9897246" OBJECTID="94430418" OBJECTGUID="a0799650-0773-4234-af16-fcb59eeaedb0" CHANGEID="137378578" NUMBER="1" OPERTYPEID="10" NEXTID="0" UPDATEDATE="2019-11-11" STARTDATE="2019-11-08" ENDDATE="2079-06-06" ISACTUAL="1" ISACTIVE="1" /><STEAD ID="67812175" OBJECTID="162946653" OBJECTGUID="32f3a682-fa16-4627-ba0f-5dcce4e880d4" CHANGEID="592550558" NUMBER="18" OPERTYPEID="10" PREVID="0" NEXTID="0" UPDATEDATE="2024-03-27" STARTDATE="2024-03-27" ENDDATE="2079-06-06" ISACTUAL="1" ISACTIVE="1" /><STEAD ID="67812182" OBJECTID="162946660" OBJECTGUID="cae2d0cf-3636-4d59-87d6-d2acd6da6d5e" CHANGEID="592550565" NUMBER="25" OPERTYPEID="10" PREVID="0" NEXTID="0" UPDATEDATE="2024-03-27" STARTDATE="2024-03-27" ENDDATE="2079-06-06" ISACTUAL="1" ISACTIVE="1" /><STEAD ID="67812277" OBJECTID="162946787" OBJECTGUID="7b3fc7fb-f354-4739-848a-917190bcd779" CHANGEID="592551148" NUMBER="77" OPERTYPEID="10" PREVID="0" NEXTID="0" UPDATEDATE="2024-03-27" STARTDATE="2024-03-27" ENDDATE="2079-06-06" ISACTUAL="1" ISACTIVE="1" /><STEAD ID="3972263" OBJECTID="88510877" OBJECTGUID="7b721135-77ab-40ee-b9ed-88a4676b624a" CHANGEID="130831764" NUMBER="15" OPERTYPEID="10" NEXTID="0" UPDATEDATE="2018-10-08" STARTDATE="2018-10-05" ENDDATE="2079-06-06" ISACTUAL="1" ISACTIVE="1" /><STEAD ID="9893472" OBJECTID="94426645" OBJECTGUID="8f5901db-5318-46bb-bbe9-cd5088183de4" CHANGEID="137374719" NUMBER="14" OPERTYPEID="10" NEXTID="0" UPDATEDATE="2019-11-11" STARTDATE="2019-11-08" ENDDATE="2079-06-06" ISACTUAL="1" ISACTIVE="1" /><STEAD ID="3396766" OBJECTID="87937084" OBJECTGUID="1e6d988a-a878-4bc2-af0e-5d7323e00fb0" CHANGEID="130137838" NUMBER="4" OPERTYPEID="10" NEXTID="0" UPDATEDATE="2019-11-25" STARTDATE="2019-11-25" ENDDATE="2079-06-06" ISACTUAL="1" ISACTIVE="1" /><STEAD ID="67812179" OBJECTID="162946657" OBJECTGUID="861fa4c7-b17d-4054-acfe-d3f82c81e753" CHANGEID="592550562" NUMBER="22" OPERTYPEID="10" PREVID="0" NEXTID="0" UPDATEDATE="2024-03-27" STARTDATE="2024-03-27" ENDDATE="2079-06-06" ISACTUAL="1" ISACTIVE="1" /><STEAD ID="4526852" OBJECTID="89064235" OBJECTGUID="55976f85-2385-4530-84d8-140dcb2d0bf8" CHANGEID="131479997" NUMBER="23" OPERTYPEID="10" NEXTID="0" UPDATEDATE="2018-03-07" STARTDATE="2018-03-06" ENDDATE="2079-06-06" ISACTUAL="1" ISACTIVE="1" /><STEAD ID="67233891" OBJECTID="161215175" OBJECTGUID="190a6ced-84aa-4ecb-94c0-a57312bb9e01" CHANGEID="572295089" NUMBER="9а" OPERTYPEID="10" PREVID="0" NEXTID="0" UPDATEDATE="2023-11-08" STARTDATE="2023-11-08" ENDDATE="2079-06-06" ISACTUAL="1" ISACTIVE="1" /><STEAD ID="69975500" OBJECTID="167348142" OBJECTGUID="4145c7ad-664d-4860-97af-7f0e3646b7b0" CHANGEID="606873564" NUMBER="7" OPERTYPEID="10" PREVID="0" NEXTID="0" UPDATEDATE="2024-11-12" STARTDATE="2024-11-12" ENDDATE="2079-06-06" ISACTUAL="1" ISACTIVE="1" /><STEAD ID="9896902" OBJECTID="94430049" OBJECTGUID="cd88e2da-1591-4c89-9c0f-9f2f26eb7fb3" CHANGEID="137378201" NUMBER="3" OPERTYPEID="10" NEXTID="0" UPDATEDATE="2019-11-11" STARTDATE="2019-11-08" ENDDATE="2079-06-06" ISACTUAL="1" ISACTIVE="1" /><STEAD ID="9565430" OBJECTID="94098639" OBJECTGUID="3cef7d72-3457-4cd6-8e6d-756a2fd9d714" CHANGEID="137035789" NUMBER="9" OPERTYPEID="10" NEXTID="0" UPDATEDATE="2019-11-25" STARTDATE="2019-11-22" ENDDATE="2079-06-06" ISACTUAL="1" ISACTIVE="1" /><STEAD ID="9693211" OBJECTID="94226405" OBJECTGUID="03da37a9-c8ab-463d-ad2a-fb05afea5599" CHANGEID="137168226" NUMBER="30" OPERTYPEID="10" NEXTID="0" UPDATEDATE="2019-05-28" STARTDATE="2019-05-27" ENDDATE="2079-06-06" ISACTUAL="1" ISACTIVE="1" /><STEAD ID="67812283" OBJECTID="162946793" OBJECTGUID="237687dc-7b0a-45ad-94f1-0c481ae89164" CHANGEID="592551154" NUMBER="83" OPERTYPEID="10" PREVID="0" NEXTID="0" UPDATEDATE="2024-03-27" STARTDATE="2024-03-27" ENDDATE="2079-06-06" ISACTUAL="1" ISACTIVE="1" /><STEAD ID="14945635" OBJECTID="103134378" OBJECTGUID="dcf5e0bd-bdd2-43e8-aff1-9f243928c32d" CHANGEID="232123226" NUMBER="18А" OPERTYPEID="10" PREVID="0" NEXTID="0" UPDATEDATE="2021-12-07" STARTDATE="2021-12-07" ENDDATE="2079-06-06" ISACTUAL="1" ISACTIVE="1" /><STEAD ID="5436267" OBJECTID="89972082" OBJECTGUID="3f327591-703b-49e8-b5b6-acfb8280b4c3" CHANGEID="132510410" NUMBER="6" OPERTYPEID="10" NEXTID="0" UPDATEDATE="2019-02-27" STARTDATE="2019-02-26" ENDDATE="2079-06-06" ISACTUAL="1" ISACTIVE="1" /><STEAD ID="5711812" OBJECTID="90247339" OBJECTGUID="b9d6a089-6e04-458f-a13b-b13f8d8c4b33" CHANGEID="132819615" NUMBER="1" OPERTYPEID="10" NEXTID="0" UPDATEDATE="2019-08-08" STARTDATE="2019-08-08" ENDDATE="2079-06-06" ISACTUAL="1" ISACTIVE="1" /><STEAD ID="67812285" OBJECTID="162946795" OBJECTGUID="8daa2565-23b8-4064-90e6-3ef6641d381c" CHANGEID="592551156" NUMBER="85" OPERTYPEID="10" PREVID="0" NEXTID="0" UPDATEDATE="2024-03-27" STARTDATE="2024-03-27" ENDDATE="2079-06-06" ISACTUAL="1" ISACTIVE="1" /><STEAD ID="66145573" OBJECTID="157584013" OBJECTGUID="ba534175-92c0-4c22-bd88-c902bea9fab9" CHANGEID="489337665" NUMBER="1г" OPERTYPEID="10" PREVID="0" NEXTID="0" UPDATEDATE="2022-12-21" STARTDATE="2022-12-21" ENDDATE="2079-06-06" ISACTUAL="1" ISACTIVE="1" /><STEAD ID="67812192" OBJECTID="162946670" OBJECTGUID="cb68c340-77c0-42b0-9bbf-859af0fd6a76" CHANGEID="592550575" NUMBER="35" OPERTYPEID="10" PREVID="0" NEXTID="0" UPDATEDATE="2024-03-27" STARTDATE="2024-03-27" ENDDATE="2079-06-06" ISACTUAL="1" ISACTIVE="1" /><STEAD ID="9894268" OBJECTID="94427438" OBJECTGUID="52526e0d-e4e9-4152-89ca-162962a9a6ee" CHANGEID="137375526" NUMBER="10" OPERTYPEID="10" NEXTID="0" UPDATEDATE="2019-11-11" STARTDATE="2019-11-08" ENDDATE="2079-06-06" ISACTUAL="1" ISACTIVE="1" /></STEADS>