﻿<?xml version="1.0" encoding="utf-8"?><PARAMS><PARAM ID="1611686659" OBJECTID="172288054" CHANGEID="646210423" CHANGEIDEND="0" TYPEID="1" VALUE="8700" UPDATEDATE="2025-05-20" STARTDATE="2025-05-20" ENDDATE="2079-06-06" /><PARAM ID="1611686660" OBJECTID="172288054" CHANGEID="646210423" CHANGEIDEND="0" TYPEID="2" VALUE="8700" UPDATEDATE="2025-05-20" STARTDATE="2025-05-20" ENDDATE="2079-06-06" /><PARAM ID="1611686661" OBJECTID="172288054" CHANGEID="646210423" CHANGEIDEND="0" TYPEID="3" VALUE="8701" UPDATEDATE="2025-05-20" STARTDATE="2025-05-20" ENDDATE="2079-06-06" /><PARAM ID="1611686662" OBJECTID="172288054" CHANGEID="646210423" CHANGEIDEND="0" TYPEID="4" VALUE="8701" UPDATEDATE="2025-05-20" STARTDATE="2025-05-20" ENDDATE="2079-06-06" /><PARAM ID="1611686663" OBJECTID="172288054" CHANGEID="646210423" CHANGEIDEND="0" TYPEID="6" VALUE="77203000009" UPDATEDATE="2025-05-20" STARTDATE="2025-05-20" ENDDATE="2079-06-06" /><PARAM ID="1611686664" OBJECTID="172288054" CHANGEID="646210423" CHANGEIDEND="0" TYPEID="7" VALUE="77603465101" UPDATEDATE="2025-05-20" STARTDATE="2025-05-20" ENDDATE="2079-06-06" /><PARAM ID="1611686665" OBJECTID="172288054" CHANGEID="646210423" CHANGEIDEND="0" TYPEID="15" VALUE="81" UPDATEDATE="2025-05-20" STARTDATE="2025-05-20" ENDDATE="2079-06-06" /><PARAM ID="1611686666" OBJECTID="172288054" CHANGEID="646210423" CHANGEIDEND="0" TYPEID="13" VALUE="776034651010000000320081000000000" UPDATEDATE="2025-05-20" STARTDATE="2025-05-20" ENDDATE="2079-06-06" /><PARAM ID="1611686667" OBJECTID="172288054" CHANGEID="646210423" CHANGEIDEND="0" TYPEID="21" VALUE="77603465" UPDATEDATE="2025-05-20" STARTDATE="2025-05-20" ENDDATE="2079-06-06" /><PARAM ID="1611686668" OBJECTID="172288055" CHANGEID="646210424" CHANGEIDEND="0" TYPEID="1" VALUE="8700" UPDATEDATE="2025-05-20" STARTDATE="2025-05-20" ENDDATE="2079-06-06" /><PARAM ID="1611686669" OBJECTID="172288055" CHANGEID="646210424" CHANGEIDEND="0" TYPEID="2" VALUE="8700" UPDATEDATE="2025-05-20" STARTDATE="2025-05-20" ENDDATE="2079-06-06" /><PARAM ID="1611686670" OBJECTID="172288055" CHANGEID="646210424" CHANGEIDEND="0" TYPEID="3" VALUE="8701" UPDATEDATE="2025-05-20" STARTDATE="2025-05-20" ENDDATE="2079-06-06" /><PARAM ID="1611686671" OBJECTID="172288055" CHANGEID="646210424" CHANGEIDEND="0" TYPEID="4" VALUE="8701" UPDATEDATE="2025-05-20" STARTDATE="2025-05-20" ENDDATE="2079-06-06" /><PARAM ID="1611686672" OBJECTID="172288055" CHANGEID="646210424" CHANGEIDEND="0" TYPEID="6" VALUE="77203000009" UPDATEDATE="2025-05-20" STARTDATE="2025-05-20" ENDDATE="2079-06-06" /><PARAM ID="1611686673" OBJECTID="172288055" CHANGEID="646210424" CHANGEIDEND="0" TYPEID="7" VALUE="77603465101" UPDATEDATE="2025-05-20" STARTDATE="2025-05-20" ENDDATE="2079-06-06" /><PARAM ID="1611686674" OBJECTID="172288055" CHANGEID="646210424" CHANGEIDEND="0" TYPEID="15" VALUE="82" UPDATEDATE="2025-05-20" STARTDATE="2025-05-20" ENDDATE="2079-06-06" /><PARAM ID="1611686675" OBJECTID="172288055" CHANGEID="646210424" CHANGEIDEND="0" TYPEID="13" VALUE="776034651010000000320082000000000" UPDATEDATE="2025-05-20" STARTDATE="2025-05-20" ENDDATE="2079-06-06" /><PARAM ID="1611686676" OBJECTID="172288055" CHANGEID="646210424" CHANGEIDEND="0" TYPEID="21" VALUE="77603465" UPDATEDATE="2025-05-20" STARTDATE="2025-05-20" ENDDATE="2079-06-06" /><PARAM ID="1611910633" OBJECTID="172316308" CHANGEID="646259954" CHANGEIDEND="0" TYPEID="15" VALUE="74" UPDATEDATE="2025-05-21" STARTDATE="2025-05-21" ENDDATE="2079-06-06" /><PARAM ID="1611910628" OBJECTID="172316308" CHANGEID="646259954" CHANGEIDEND="0" TYPEID="1" VALUE="8700" UPDATEDATE="2025-05-21" STARTDATE="2025-05-21" ENDDATE="2079-06-06" /><PARAM ID="1611910629" OBJECTID="172316308" CHANGEID="646259954" CHANGEIDEND="0" TYPEID="2" VALUE="8700" UPDATEDATE="2025-05-21" STARTDATE="2025-05-21" ENDDATE="2079-06-06" /><PARAM ID="1611910630" OBJECTID="172316308" CHANGEID="646259954" CHANGEIDEND="0" TYPEID="6" VALUE="77401000000" UPDATEDATE="2025-05-21" STARTDATE="2025-05-21" ENDDATE="2079-06-06" /><PARAM ID="1611910631" OBJECTID="172316308" CHANGEID="646259954" CHANGEIDEND="0" TYPEID="7" VALUE="77701000001" UPDATEDATE="2025-05-21" STARTDATE="2025-05-21" ENDDATE="2079-06-06" /><PARAM ID="1611910632" OBJECTID="172316308" CHANGEID="646259954" CHANGEIDEND="0" TYPEID="8" VALUE="87:05:000013:514" UPDATEDATE="2025-05-21" STARTDATE="2025-05-21" ENDDATE="2079-06-06" /><PARAM ID="1611910634" OBJECTID="172316308" CHANGEID="646259954" CHANGEIDEND="0" TYPEID="13" VALUE="777010000000000001020074000000000" UPDATEDATE="2025-05-21" STARTDATE="2025-05-21" ENDDATE="2079-06-06" /><PARAM ID="1611910635" OBJECTID="172316308" CHANGEID="646259954" CHANGEIDEND="0" TYPEID="21" VALUE="77701000" UPDATEDATE="2025-05-21" STARTDATE="2025-05-21" ENDDATE="2079-06-06" /></PARAMS>