﻿<?xml version="1.0" encoding="utf-8"?><PARAMS><PARAM ID="1611702785" OBJECTID="172289957" CHANGEID="646212925" CHANGEIDEND="0" TYPEID="1" VALUE="8700" UPDATEDATE="2025-05-20" STARTDATE="2025-05-20" ENDDATE="2079-06-06" /><PARAM ID="1611702786" OBJECTID="172289957" CHANGEID="646212925" CHANGEIDEND="0" TYPEID="2" VALUE="8700" UPDATEDATE="2025-05-20" STARTDATE="2025-05-20" ENDDATE="2079-06-06" /><PARAM ID="1611702787" OBJECTID="172289957" CHANGEID="646212925" CHANGEIDEND="0" TYPEID="6" VALUE="77401000000" UPDATEDATE="2025-05-20" STARTDATE="2025-05-20" ENDDATE="2079-06-06" /><PARAM ID="1611702788" OBJECTID="172289957" CHANGEID="646212925" CHANGEIDEND="0" TYPEID="7" VALUE="77701000001" UPDATEDATE="2025-05-20" STARTDATE="2025-05-20" ENDDATE="2079-06-06" /><PARAM ID="1611702789" OBJECTID="172289957" CHANGEID="646212925" CHANGEIDEND="0" TYPEID="8" VALUE="87:05:000013:511" UPDATEDATE="2025-05-20" STARTDATE="2025-05-20" ENDDATE="2079-06-06" /><PARAM ID="1611702790" OBJECTID="172289957" CHANGEID="646212925" CHANGEIDEND="0" TYPEID="15" VALUE="104" UPDATEDATE="2025-05-20" STARTDATE="2025-05-20" ENDDATE="2079-06-06" /><PARAM ID="1611702791" OBJECTID="172289957" CHANGEID="646212925" CHANGEIDEND="0" TYPEID="13" VALUE="777010000000000001010104000000000" UPDATEDATE="2025-05-20" STARTDATE="2025-05-20" ENDDATE="2079-06-06" /><PARAM ID="1611702792" OBJECTID="172289957" CHANGEID="646212925" CHANGEIDEND="0" TYPEID="21" VALUE="77701000" UPDATEDATE="2025-05-20" STARTDATE="2025-05-20" ENDDATE="2079-06-06" /></PARAMS>